checkout_id,book_id,student_id,student_name,book_title,checkout_date,due_date,return_date,status,fine_amount
CHK000001,BK000448,STU000232,Matthew Martin,Advanced History,2025-06-24,2025-02-03,,Checked Out,0
CHK000002,BK000001,STU000259,David Lopez,Modern Art,2024-05-08,2025-01-08,,Returned,14
CHK000003,BK000596,STU000713,Mary Johnson,Principles of Mathematics,2025-01-19,2024-10-26,2025-06-05,Returned,0
CHK000004,BK000105,STU000622,George Thomas,Principles of Mathematics,2025-09-22,2024-10-07,,Checked Out,0
CHK000005,BK000094,STU000764,Robert Lopez,Advanced History,2024-09-29,2024-12-06,,Checked Out,0
CHK000006,BK000919,STU000827,Sarah Lopez,Modern Literature,2025-12-30,2025-11-14,,Checked Out,0
CHK000007,BK000726,STU000975,William Hernandez,Modern Business,2025-08-06,2024-04-30,2025-03-05,Checked Out,0
CHK000008,BK000944,STU000425,Dorothy Sanchez,Advanced Literature,2024-04-21,2024-10-17,2025-09-13,Returned,0
CHK000009,BK000150,STU000139,Christopher Young,Introduction to Business,2024-01-14,2024-06-20,2025-04-16,Returned,0
CHK000010,BK000105,STU000747,Barbara Anderson,Principles of Mathematics,2024-02-02,2025-08-29,2024-12-15,Overdue,0
CHK000011,BK000462,STU000135,Deborah Harris,Principles of Literature,2024-10-13,2024-05-17,2024-09-14,Returned,0
CHK000012,BK000750,STU000579,Kenneth Moore,Introduction to History,2025-09-03,2024-07-13,,Overdue,0
CHK000013,BK000692,STU000648,Kenneth Hernandez,Principles of Literature,2025-06-26,2025-12-05,2024-12-06,Returned,2
CHK000014,BK000946,STU000395,Timothy Gonzalez,Modern Business,2024-08-20,2024-03-31,,Checked Out,0
CHK000015,BK000773,STU000834,Robert Hill,Introduction to Literature,2024-08-05,2024-07-31,2025-11-02,Overdue,0
CHK000016,BK000934,STU000225,Michael Hernandez,Modern Art,2024-12-02,2024-05-01,2025-01-17,Returned,0
CHK000017,BK000348,STU000814,Donna Harris,Modern Art,2024-08-26,2025-12-21,2024-09-26,Overdue,0
CHK000018,BK000748,STU000070,Ryan Brown,Introduction to History,2024-08-01,2025-12-10,2024-03-08,Checked Out,0
CHK000019,BK000399,STU000324,Sarah Taylor,Advanced Science,2025-08-16,2025-09-25,2024-03-27,Returned,1
CHK000020,BK000576,STU000895,John Jackson,Principles of Science,2024-09-21,2024-02-18,2025-03-05,Overdue,0
CHK000021,BK000820,STU000732,Michael Jackson,Modern Science,2024-04-20,2025-05-18,2025-03-24,Returned,0
CHK000022,BK000320,STU000812,Ronald Ramirez,Advanced Art,2024-09-05,2025-06-12,2025-11-11,Checked Out,0
CHK000023,BK000647,STU000430,Joshua Brown,Modern Computer Science,2025-04-20,2025-11-04,,Checked Out,0
CHK000024,BK000628,STU000479,Christopher Harris,Advanced Art,2024-04-20,2024-12-25,2025-01-20,Overdue,13
CHK000025,BK000007,STU000669,Matthew Miller,Introduction to Computer Science,2024-04-08,2024-12-28,,Overdue,25
CHK000026,BK000461,STU000161,Dorothy Clark,Principles of History,2024-06-09,2024-07-19,,Returned,0
CHK000027,BK000717,STU000480,Laura Nguyen,Introduction to Business,2025-05-27,2025-05-25,2024-10-15,Overdue,20
CHK000028,BK000996,STU000846,Mark Thomas,Advanced Literature,2025-12-09,2025-09-19,,Checked Out,0
CHK000029,BK000892,STU000545,Elizabeth Robinson,Principles of Literature,2025-02-15,2024-09-27,2024-12-31,Checked Out,0
CHK000030,BK000326,STU000470,Richard Garcia,Introduction to Computer Science,2024-10-17,2024-07-17,2024-04-14,Overdue,0
CHK000031,BK000596,STU000807,William Hill,Principles of Mathematics,2025-02-24,2025-08-20,2025-07-11,Returned,0
CHK000032,BK000719,STU000601,Donald Jackson,Introduction to Science,2024-08-11,2025-07-20,2024-08-16,Returned,0
CHK000033,BK000121,STU000572,Jeffrey Davis,Modern Art,2024-08-13,2025-10-07,,Checked Out,0
CHK000034,BK000284,STU000841,Jessica Hernandez,Principles of Science,2024-12-27,2025-03-31,2024-06-12,Overdue,0
CHK000035,BK000654,STU000635,Daniel Davis,Principles of Business,2024-09-26,2024-03-04,,Overdue,0
CHK000036,BK000723,STU000694,Sharon Ramirez,Introduction to Science,2025-05-31,2024-02-05,2024-08-04,Overdue,0
CHK000037,BK000147,STU000517,Helen Hill,Introduction to History,2025-08-26,2025-05-25,,Returned,0
CHK000038,BK000562,STU000942,Laura Clark,Principles of Computer Science,2024-12-02,2025-04-24,2025-05-20,Returned,0
CHK000039,BK000097,STU000330,Dorothy Ramirez,Advanced Literature,2024-06-10,2025-11-24,,Checked Out,0
CHK000040,BK000631,STU000692,George Thomas,Introduction to Art,2025-11-24,2025-08-01,2024-08-11,Checked Out,0
CHK000041,BK000575,STU000606,Sarah Williams,Advanced Business,2024-07-01,2024-04-27,2024-02-09,Returned,0
CHK000042,BK000115,STU000919,Richard Wilson,Advanced Business,2025-08-11,2024-07-03,2024-06-23,Returned,0
CHK000043,BK000730,STU000013,Karen Jones,Advanced Science,2025-11-29,2025-02-18,,Checked Out,0
CHK000044,BK000317,STU000652,Ruth Lewis,Modern Literature,2024-05-05,2025-03-18,2024-02-02,Checked Out,0
CHK000045,BK000402,STU000076,John Brown,Introduction to Computer Science,2025-05-14,2024-12-22,2025-11-21,Overdue,0
CHK000046,BK000151,STU000132,Helen Jones,Advanced Mathematics,2024-01-16,2025-09-15,2025-09-26,Checked Out,0
CHK000047,BK000054,STU000403,Ruth Hill,Principles of Computer Science,2025-04-18,2025-03-16,,Returned,0
CHK000048,BK000461,STU000160,Lisa Lee,Principles of History,2024-09-14,2025-08-17,2024-12-19,Returned,0
CHK000049,BK000331,STU000552,Carol Wilson,Principles of Science,2024-08-28,2025-09-05,2024-07-29,Checked Out,0
CHK000050,BK000051,STU000178,Sharon Martinez,Modern Science,2024-02-11,2025-08-12,,Overdue,0
CHK000051,BK000379,STU000989,Daniel White,Modern Art,2025-07-14,2024-04-28,,Overdue,0
CHK000052,BK000240,STU000610,Carol Moore,Principles of Literature,2025-07-09,2024-04-12,2025-01-25,Checked Out,0
CHK000053,BK000105,STU000617,Linda Williams,Principles of Mathematics,2025-09-24,2025-03-23,,Checked Out,0
CHK000054,BK000397,STU000480,Laura Nguyen,Introduction to Business,2024-06-07,2024-11-20,2024-06-04,Overdue,0
CHK000055,BK000338,STU000711,Timothy Lee,Advanced Science,2025-11-14,2025-07-29,2025-09-12,Checked Out,16
CHK000056,BK000089,STU000709,Linda Hernandez,Introduction to Computer Science,2024-12-02,2024-11-10,2024-02-18,Overdue,6
CHK000057,BK000052,STU000077,Paul Martinez,Introduction to Art,2025-07-22,2024-06-24,2025-04-02,Checked Out,0
CHK000058,BK000908,STU000294,Betty Williams,Principles of Mathematics,2024-01-17,2025-09-03,2024-12-01,Returned,12
CHK000059,BK000305,STU000219,Christopher Taylor,Modern Mathematics,2024-01-23,2024-02-01,2024-01-20,Checked Out,0
CHK000060,BK000612,STU000926,Brian Wright,Introduction to Science,2024-09-29,2025-06-19,2024-11-04,Returned,0
CHK000061,BK000668,STU000607,Ruth Walker,Principles of Business,2024-09-25,2025-10-29,2024-03-23,Overdue,0
CHK000062,BK000847,STU000522,Richard Lewis,Modern Mathematics,2025-04-16,2025-08-03,2024-08-02,Checked Out,0
CHK000063,BK000818,STU000443,Nancy Taylor,Advanced Literature,2025-06-19,2024-07-21,,Checked Out,0
CHK000064,BK000726,STU000810,Linda King,Modern Business,2025-05-06,2025-01-30,2025-12-06,Returned,0
CHK000065,BK000605,STU000663,Timothy Sanchez,Advanced Mathematics,2025-01-05,2024-08-17,2024-03-29,Checked Out,0
CHK000066,BK000738,STU000655,Mary Flores,Principles of Business,2024-04-05,2024-08-21,,Checked Out,9
CHK000067,BK000435,STU000752,Dorothy Gonzalez,Advanced Literature,2025-02-04,2024-11-19,2025-07-21,Overdue,0
CHK000068,BK000328,STU000696,Ronald Ramirez,Modern Science,2025-03-04,2024-06-18,2025-01-16,Checked Out,0
CHK000069,BK000153,STU000287,Jennifer Lopez,Modern Literature,2025-06-11,2025-04-01,2024-03-05,Overdue,0
CHK000070,BK000772,STU000931,Kevin Rodriguez,Principles of Science,2024-04-25,2024-01-25,2025-09-27,Overdue,0
CHK000071,BK000504,STU000322,Sarah Wright,Modern Literature,2024-05-19,2024-06-14,2024-11-30,Returned,0
CHK000072,BK000723,STU000208,Nancy Thompson,Introduction to Science,2025-03-01,2025-12-05,,Overdue,0
CHK000073,BK000641,STU000407,Sharon Garcia,Introduction to Literature,2025-09-10,2026-01-06,2024-12-23,Returned,9
CHK000074,BK000005,STU000250,Lisa Lee,Principles of Art,2025-10-26,2024-06-01,2024-08-02,Overdue,0
CHK000075,BK000327,STU000306,Kimberly Lee,Advanced Science,2024-03-08,2024-11-22,2025-07-17,Checked Out,0
CHK000076,BK000747,STU000935,Jennifer Lee,Introduction to Art,2025-08-05,2024-05-30,2024-05-14,Checked Out,0
CHK000077,BK000002,STU000980,Sarah Lewis,Advanced Art,2025-10-04,2024-02-17,2025-12-23,Checked Out,0
CHK000078,BK000218,STU000754,Mark King,Introduction to Art,2025-04-21,2025-06-08,,Checked Out,0
CHK000079,BK000082,STU000069,Barbara Martinez,Advanced History,2024-10-05,2024-03-23,2025-01-03,Overdue,0
CHK000080,BK000770,STU000901,Robert Thomas,Introduction to Mathematics,2025-07-03,2024-08-17,2025-05-19,Returned,0
CHK000081,BK000375,STU000592,William Sanchez,Modern Mathematics,2025-09-03,2025-04-02,,Returned,11
CHK000082,BK000920,STU000543,Richard Scott,Principles of History,2024-05-20,2024-07-01,,Checked Out,0
CHK000083,BK000272,STU000385,William Johnson,Advanced Science,2025-07-17,2024-08-30,,Checked Out,0
CHK000084,BK000041,STU000624,David Davis,Advanced History,2025-08-11,2025-11-26,,Returned,0
CHK000085,BK000147,STU000946,Laura Walker,Introduction to History,2025-12-16,2025-04-10,2024-09-28,Returned,0
CHK000086,BK000513,STU000100,Sandra Davis,Modern Literature,2025-08-09,2024-02-12,2024-05-12,Returned,0
CHK000087,BK000870,STU000798,Donald Wright,Principles of Science,2025-07-27,2024-11-08,2024-08-20,Returned,14
CHK000088,BK000706,STU000832,Donna Gonzalez,Principles of Computer Science,2025-05-23,2024-10-24,,Overdue,0
CHK000089,BK000282,STU000560,Joseph Miller,Modern Literature,2024-10-04,2024-11-06,,Overdue,0
CHK000090,BK000088,STU000467,Anthony Perez,Principles of Computer Science,2024-02-27,2025-12-29,2025-05-24,Overdue,10
CHK000091,BK000930,STU000644,Ronald Scott,Modern History,2025-04-10,2024-04-08,2024-06-18,Overdue,0
CHK000092,BK000884,STU000483,Edward Martinez,Advanced Business,2024-07-29,2025-01-19,,Returned,11
CHK000093,BK000919,STU000847,Dorothy Perez,Modern Literature,2025-06-25,2024-04-05,,Returned,0
CHK000094,BK000341,STU000939,Jason Flores,Advanced Science,2025-04-10,2025-10-09,2025-05-11,Checked Out,0
CHK000095,BK000389,STU000032,Matthew Anderson,Introduction to Literature,2024-11-06,2024-09-07,2025-09-20,Returned,0
CHK000096,BK000236,STU000733,Elizabeth Smith,Introduction to History,2025-02-24,2025-04-01,2024-06-18,Checked Out,0
CHK000097,BK000258,STU000058,Sandra Jones,Advanced Science,2024-02-04,2025-03-01,2024-11-09,Returned,0
CHK000098,BK000466,STU000652,Ruth Lewis,Principles of Art,2024-03-15,2025-01-14,2025-10-29,Returned,14
CHK000099,BK000815,STU000019,Dorothy Rodriguez,Advanced Art,2025-10-14,2025-12-17,,Returned,6
CHK000100,BK000103,STU000353,Sharon Perez,Principles of Literature,2025-04-16,2024-10-04,2024-07-02,Returned,7
CHK000101,BK000521,STU000069,Barbara Martinez,Modern Business,2025-10-03,2024-07-24,2024-09-01,Overdue,0
CHK000102,BK000126,STU000348,Kimberly Smith,Introduction to Computer Science,2024-06-22,2026-01-13,2024-08-11,Returned,0
CHK000103,BK000572,STU000085,Timothy Hill,Modern Mathematics,2024-11-17,2024-12-29,2025-01-07,Checked Out,0
CHK000104,BK000340,STU000873,Timothy Ramirez,Principles of Art,2024-10-25,2025-04-15,,Overdue,0
CHK000105,BK000781,STU000264,Helen Thomas,Introduction to Art,2025-07-28,2024-10-18,,Overdue,0
CHK000106,BK000148,STU000509,Karen Garcia,Modern Business,2024-08-22,2024-04-04,2024-12-20,Checked Out,0
CHK000107,BK000819,STU000044,Sandra Martin,Modern Science,2025-11-18,2024-05-04,2025-10-25,Checked Out,0
CHK000108,BK000308,STU000633,James Ramirez,Modern Mathematics,2025-05-09,2025-09-05,2024-08-15,Overdue,20
CHK000109,BK000871,STU000264,Helen Thomas,Introduction to Science,2024-05-30,2024-01-19,,Overdue,0
CHK000110,BK000882,STU000544,Paul Gonzalez,Principles of Computer Science,2024-11-17,2024-07-15,,Returned,0
CHK000111,BK000228,STU000147,Karen Davis,Introduction to Business,2024-12-06,2024-12-29,2024-07-15,Checked Out,0
CHK000112,BK000084,STU000199,Karen Nguyen,Modern Science,2024-11-20,2025-06-09,2024-02-14,Checked Out,0
CHK000113,BK000086,STU000263,James Ramirez,Introduction to Science,2024-11-26,2024-01-20,2024-05-18,Returned,0
CHK000114,BK000256,STU000845,Sandra Hill,Principles of Computer Science,2024-07-28,2025-05-29,,Overdue,0
CHK000115,BK000448,STU000108,Jessica Moore,Advanced History,2024-01-20,2024-05-01,,Checked Out,0
CHK000116,BK000056,STU000232,Matthew Martin,Introduction to Art,2024-09-23,2024-10-01,,Overdue,12
CHK000117,BK000921,STU000686,Jeffrey Taylor,Modern Mathematics,2024-05-17,2024-08-10,2024-05-12,Checked Out,5
CHK000118,BK000720,STU000398,Daniel King,Principles of Business,2024-01-31,2025-09-25,,Checked Out,25
CHK000119,BK000772,STU000059,Michael Anderson,Principles of Science,2025-06-23,2024-03-03,2025-01-13,Checked Out,0
CHK000120,BK000575,STU000273,Linda Miller,Advanced Business,2024-06-17,2025-08-14,2025-04-25,Overdue,0
CHK000121,BK000092,STU000645,Carol Davis,Principles of Mathematics,2025-01-18,2024-12-07,2025-12-13,Checked Out,0
CHK000122,BK000123,STU000915,Kevin Martinez,Principles of Mathematics,2024-03-01,2024-09-07,,Overdue,0
CHK000123,BK000723,STU000882,Jeffrey Davis,Introduction to Science,2024-04-08,2025-11-22,,Overdue,0
CHK000124,BK000806,STU000755,Jeffrey Anderson,Introduction to Business,2024-06-02,2024-06-07,2024-03-08,Returned,0
CHK000125,BK000724,STU000500,Laura Ramirez,Introduction to Science,2025-02-05,2025-09-28,2024-07-25,Overdue,0
CHK000126,BK000919,STU000675,Andrew Thomas,Modern Literature,2025-11-18,2024-01-22,,Checked Out,0
CHK000127,BK000624,STU000549,David Torres,Advanced Computer Science,2025-03-09,2026-01-08,2024-08-22,Checked Out,0
CHK000128,BK000797,STU000469,Kimberly Williams,Advanced History,2024-03-30,2026-01-05,,Checked Out,0
CHK000129,BK000521,STU000039,Nancy Gonzalez,Modern Business,2024-05-18,2024-06-17,,Checked Out,0
CHK000130,BK000884,STU000348,Kimberly Smith,Advanced Business,2025-09-12,2024-04-19,,Overdue,0
CHK000131,BK000222,STU000973,Patricia Allen,Introduction to Science,2025-06-27,2024-10-20,,Checked Out,0
CHK000132,BK000905,STU000774,John Thompson,Principles of History,2024-09-10,2024-05-01,2024-12-10,Returned,0
CHK000133,BK000788,STU000739,William Perez,Introduction to Computer Science,2025-09-07,2025-11-24,2024-04-10,Overdue,0
CHK000134,BK000316,STU000181,Timothy Smith,Advanced History,2024-09-23,2024-11-03,,Overdue,0
CHK000135,BK000339,STU000967,Linda Scott,Introduction to Business,2024-10-15,2025-01-21,2025-11-05,Returned,0
CHK000136,BK000345,STU000077,Paul Martinez,Modern Mathematics,2025-07-12,2025-08-10,,Overdue,0
CHK000137,BK000118,STU000417,Timothy Jackson,Principles of History,2024-04-02,2025-07-01,,Checked Out,0
CHK000138,BK000506,STU000883,Nancy King,Advanced Business,2024-03-01,2025-12-31,2024-08-19,Checked Out,0
CHK000139,BK000258,STU000274,Patricia White,Advanced Science,2024-12-25,2025-11-13,2024-01-17,Returned,0
CHK000140,BK000127,STU000384,Laura Hernandez,Advanced Art,2024-05-23,2024-12-13,2025-10-03,Returned,0
CHK000141,BK000151,STU000266,Mark Martin,Advanced Mathematics,2024-07-01,2024-03-05,2024-10-18,Checked Out,23
CHK000142,BK000001,STU000312,Joshua Rodriguez,Modern Art,2024-05-06,2024-03-21,2024-11-13,Overdue,0
CHK000143,BK000162,STU000403,Ruth Hill,Modern History,2024-05-21,2024-10-04,,Overdue,0
CHK000144,BK000503,STU000767,Jeffrey Ramirez,Modern History,2025-06-08,2025-12-25,2025-11-03,Overdue,0
CHK000145,BK000987,STU000291,Michael Rodriguez,Introduction to Mathematics,2024-01-26,2024-10-29,2025-08-18,Returned,0
CHK000146,BK000184,STU000599,Robert Williams,Principles of Art,2025-05-27,2024-07-25,2025-09-15,Checked Out,0
CHK000147,BK000887,STU000853,Robert Moore,Principles of Art,2025-11-01,2024-08-30,2024-01-08,Checked Out,0
CHK000148,BK000897,STU000014,Helen Scott,Modern History,2025-11-14,2025-04-23,2024-06-17,Returned,18
CHK000149,BK000857,STU000013,Karen Jones,Introduction to Business,2025-07-28,2025-06-11,2024-01-15,Overdue,0
CHK000150,BK000450,STU000822,Jessica Martin,Principles of Art,2025-02-18,2024-05-25,2025-10-19,Checked Out,0
CHK000151,BK000521,STU000937,Kenneth Rodriguez,Modern Business,2025-09-27,2024-07-20,2024-02-10,Checked Out,0
CHK000152,BK000619,STU000862,Joshua Wilson,Principles of Business,2024-04-04,2025-08-29,,Overdue,0
CHK000153,BK000900,STU000785,Kimberly Thomas,Advanced Business,2025-02-27,2025-06-11,,Checked Out,0
CHK000154,BK000167,STU000549,David Torres,Principles of Literature,2025-05-21,2024-08-07,,Checked Out,0
CHK000155,BK000317,STU000693,Sandra Miller,Modern Literature,2024-09-23,2025-03-14,2024-09-27,Overdue,0
CHK000156,BK000609,STU000607,Ruth Walker,Introduction to Science,2024-10-05,2024-10-30,2025-09-09,Overdue,0
CHK000157,BK000035,STU000538,Patricia Rodriguez,Modern Business,2024-10-19,2025-07-27,2024-01-11,Overdue,11
CHK000158,BK000435,STU000855,Susan Hernandez,Advanced Literature,2024-12-18,2024-11-14,,Returned,0
CHK000159,BK000618,STU000890,Patricia Moore,Principles of Computer Science,2025-09-25,2025-03-08,2024-10-30,Returned,0
CHK000160,BK000737,STU000283,Daniel Torres,Principles of Literature,2024-08-17,2025-03-19,2025-05-12,Checked Out,0
CHK000161,BK000492,STU000509,Karen Garcia,Introduction to Art,2024-01-09,2024-05-20,2024-03-01,Checked Out,0
CHK000162,BK000188,STU000746,Andrew Johnson,Modern History,2024-08-19,2024-10-14,2025-11-20,Returned,0
CHK000163,BK000592,STU000575,Brian Wilson,Advanced Computer Science,2024-03-09,2024-07-16,,Overdue,0
CHK000164,BK000606,STU000085,Timothy Hill,Advanced Literature,2025-04-10,2024-07-24,2025-09-15,Returned,0
CHK000165,BK000533,STU000781,Kenneth Wright,Advanced Mathematics,2024-10-14,2024-05-06,2024-09-12,Checked Out,10
CHK000166,BK000109,STU000385,William Johnson,Introduction to History,2024-03-10,2025-10-04,2025-12-05,Checked Out,0
CHK000167,BK000548,STU000990,Anthony Moore,Principles of Literature,2024-11-09,2025-02-26,,Returned,0
CHK000168,BK000042,STU000690,Steven Lopez,Advanced Mathematics,2024-10-05,2025-12-22,,Returned,0
CHK000169,BK000775,STU000822,Jessica Martin,Modern Science,2024-04-07,2025-08-29,2025-11-08,Overdue,0
CHK000170,BK000899,STU000073,Christopher Davis,Principles of History,2025-01-05,2025-02-10,2024-08-30,Overdue,0
CHK000171,BK000108,STU000100,Sandra Davis,Introduction to Computer Science,2025-08-24,2024-07-21,,Checked Out,0
CHK000172,BK000959,STU000113,David Robinson,Advanced Computer Science,2025-09-16,2025-12-24,,Returned,8
CHK000173,BK000513,STU000386,Jessica Davis,Modern Literature,2024-02-22,2024-08-09,2024-01-01,Returned,0
CHK000174,BK000419,STU000359,Susan Lewis,Introduction to Mathematics,2024-05-07,2024-04-17,,Overdue,20
CHK000175,BK000043,STU000590,Karen Torres,Advanced Art,2025-11-13,2025-11-26,,Checked Out,0
CHK000176,BK000972,STU000427,Christopher Young,Advanced Mathematics,2025-05-14,2024-11-19,2024-03-21,Returned,0
CHK000177,BK000372,STU000852,Donald Taylor,Principles of History,2024-11-25,2024-11-05,2024-03-22,Returned,0
CHK000178,BK000452,STU000333,Andrew Anderson,Modern Art,2025-02-10,2025-10-11,2024-06-15,Returned,0
CHK000179,BK000697,STU000431,Betty Nguyen,Modern History,2025-01-22,2024-07-31,2024-09-14,Overdue,0
CHK000180,BK000702,STU000811,Jeffrey Jones,Advanced Business,2025-01-29,2024-04-23,2024-02-29,Checked Out,0
CHK000181,BK000030,STU000947,Deborah Clark,Introduction to Mathematics,2024-12-29,2024-08-21,2025-01-27,Returned,0
CHK000182,BK000351,STU000514,Betty Martinez,Introduction to History,2025-06-01,2025-12-31,2025-08-10,Returned,24
CHK000183,BK000521,STU000306,Kimberly Lee,Modern Business,2024-02-11,2024-02-14,2024-02-01,Checked Out,0
CHK000184,BK000957,STU000278,Kenneth Johnson,Introduction to Mathematics,2025-07-19,2025-12-23,2025-04-14,Returned,0
CHK000185,BK000096,STU000396,Karen Lee,Modern History,2024-03-27,2024-09-06,,Overdue,0
CHK000186,BK000209,STU000217,Lisa Rodriguez,Principles of Computer Science,2024-08-12,2025-03-26,2025-02-21,Returned,0
CHK000187,BK000021,STU000061,Andrew Thompson,Advanced Literature,2025-04-30,2025-10-18,2024-03-21,Overdue,14
CHK000188,BK000348,STU000725,Carol Miller,Modern Art,2025-06-06,2024-02-11,2024-04-17,Overdue,24
CHK000189,BK000279,STU000207,Sandra Jackson,Principles of Art,2024-06-29,2025-11-24,2024-02-04,Checked Out,0
CHK000190,BK000595,STU000418,David Garcia,Introduction to Computer Science,2025-01-11,2024-04-17,,Overdue,0
CHK000191,BK000091,STU000935,Jennifer Lee,Modern Science,2025-05-18,2025-02-26,2024-08-16,Checked Out,1
CHK000192,BK000112,STU000232,Matthew Martin,Advanced Mathematics,2025-10-10,2024-01-29,,Returned,0
CHK000193,BK000206,STU000582,Barbara Taylor,Introduction to Mathematics,2024-11-18,2025-12-26,2024-04-23,Overdue,0
CHK000194,BK000713,STU000445,Joseph Hill,Introduction to Mathematics,2024-08-01,2024-04-06,2025-08-19,Returned,2
CHK000195,BK000536,STU000203,David Sanchez,Advanced Business,2025-02-06,2025-11-24,2024-03-03,Overdue,0
CHK000196,BK000512,STU000120,Nancy Smith,Modern Literature,2024-11-06,2024-06-29,2025-02-01,Checked Out,0
CHK000197,BK000261,STU000095,Sandra Scott,Advanced Business,2024-11-26,2024-04-19,,Overdue,0
CHK000198,BK000355,STU000132,Helen Jones,Advanced History,2024-09-29,2025-11-23,,Overdue,0
CHK000199,BK000495,STU000654,Laura Walker,Introduction to Mathematics,2025-07-24,2024-02-29,,Overdue,0
CHK000200,BK000024,STU000561,Jacob Garcia,Modern Science,2024-04-17,2024-09-29,,Checked Out,0
CHK000201,BK000923,STU000789,Nancy Gonzalez,Introduction to Business,2024-03-10,2024-06-03,2024-12-03,Checked Out,0
CHK000202,BK000305,STU000341,Sarah Brown,Modern Mathematics,2024-12-06,2024-03-11,,Checked Out,0
CHK000203,BK000110,STU000059,Michael Anderson,Modern Mathematics,2024-12-06,2025-01-27,2024-12-17,Overdue,0
CHK000204,BK000049,STU000633,James Ramirez,Advanced History,2025-10-12,2024-08-04,,Overdue,9
CHK000205,BK000468,STU000487,Edward Thomas,Principles of Computer Science,2025-01-20,2024-10-25,2024-08-14,Returned,0
CHK000206,BK000152,STU000930,David Moore,Introduction to Literature,2024-05-19,2025-06-03,2024-11-22,Checked Out,0
CHK000207,BK000464,STU000479,Christopher Harris,Principles of Computer Science,2025-02-04,2024-09-17,2024-10-19,Overdue,0
CHK000208,BK000922,STU000994,Lisa King,Advanced Computer Science,2024-12-10,2024-08-01,,Returned,0
CHK000209,BK000250,STU000663,Timothy Sanchez,Introduction to Business,2024-08-28,2024-05-06,2024-08-06,Overdue,0
CHK000210,BK000642,STU000408,Jacob Lopez,Introduction to Science,2024-10-28,2024-05-23,2025-06-04,Returned,10
CHK000211,BK000082,STU000804,Jessica Hill,Advanced History,2024-11-20,2024-08-31,2024-02-27,Returned,0
CHK000212,BK000740,STU000818,Helen Young,Principles of Mathematics,2025-05-02,2025-06-06,,Checked Out,0
CHK000213,BK000972,STU000901,Robert Thomas,Advanced Mathematics,2025-08-08,2024-08-03,2024-06-05,Overdue,0
CHK000214,BK000229,STU000644,Ronald Scott,Modern History,2025-05-31,2025-12-13,2024-11-06,Checked Out,17
CHK000215,BK000919,STU000218,Ruth Walker,Modern Literature,2025-03-10,2024-11-23,,Overdue,0
CHK000216,BK000643,STU000460,Nancy Anderson,Advanced Art,2025-09-08,2024-01-26,2025-06-21,Overdue,0
CHK000217,BK000336,STU000981,William Smith,Introduction to Mathematics,2025-05-15,2025-05-01,2025-05-20,Overdue,0
CHK000218,BK000396,STU000316,Donna Brown,Principles of Science,2024-06-22,2025-11-10,,Checked Out,0
CHK000219,BK000940,STU000047,Mark Brown,Principles of Computer Science,2024-03-23,2024-01-18,2025-09-25,Overdue,17
CHK000220,BK000380,STU000786,Edward Garcia,Advanced Literature,2024-01-06,2025-08-25,,Checked Out,0
CHK000221,BK000207,STU000683,Ruth Allen,Principles of Computer Science,2024-06-03,2026-01-06,,Returned,0
CHK000222,BK000044,STU000669,Matthew Miller,Advanced Computer Science,2024-08-01,2024-11-23,2025-04-07,Overdue,0
CHK000223,BK000519,STU000749,Sarah Gonzalez,Principles of Science,2024-02-18,2024-01-27,,Checked Out,0
CHK000224,BK000947,STU000264,Helen Thomas,Principles of History,2025-01-13,2025-05-20,,Overdue,0
CHK000225,BK000174,STU000479,Christopher Harris,Introduction to Art,2025-06-24,2024-01-22,2024-06-23,Checked Out,0
CHK000226,BK000056,STU000614,Thomas Hernandez,Introduction to Art,2024-03-06,2025-01-04,2025-03-19,Returned,0
CHK000227,BK000038,STU000565,Daniel Rodriguez,Advanced History,2025-05-13,2025-09-20,2025-07-10,Returned,0
CHK000228,BK000324,STU000370,Barbara Thompson,Advanced History,2024-07-31,2025-08-29,2024-03-30,Checked Out,0
CHK000229,BK000826,STU000563,Michael Young,Modern Mathematics,2024-10-17,2025-04-10,2025-06-07,Checked Out,0
CHK000230,BK000487,STU000363,Elizabeth Lee,Introduction to Business,2024-07-04,2024-11-02,2025-10-13,Returned,0
CHK000231,BK000309,STU000512,Nancy Wright,Advanced History,2024-04-07,2025-09-17,,Returned,0
CHK000232,BK000326,STU000483,Edward Martinez,Introduction to Computer Science,2025-05-14,2024-08-07,2024-09-18,Checked Out,12
CHK000233,BK000041,STU000070,Ryan Brown,Advanced History,2025-09-05,2025-09-27,2025-07-03,Checked Out,0
CHK000234,BK000376,STU000006,Betty Robinson,Modern Art,2025-11-26,2024-09-13,2024-03-31,Overdue,0
CHK000235,BK000204,STU000946,Laura Walker,Principles of Business,2025-04-06,2024-05-20,2025-09-29,Overdue,0
CHK000236,BK000159,STU000985,Kenneth Wright,Principles of Mathematics,2025-11-25,2025-05-30,2024-03-17,Returned,0
CHK000237,BK000788,STU000821,Jennifer Torres,Introduction to Computer Science,2025-08-26,2024-07-31,,Checked Out,0
CHK000238,BK000402,STU000216,Helen Allen,Introduction to Computer Science,2025-02-26,2025-01-17,2025-11-07,Overdue,0
CHK000239,BK000869,STU000227,Andrew Smith,Modern Business,2024-05-19,2024-09-18,,Overdue,0
CHK000240,BK000768,STU000841,Jessica Hernandez,Principles of Science,2025-06-10,2025-10-08,2025-10-14,Checked Out,0
CHK000241,BK000957,STU000608,Sharon Smith,Introduction to Mathematics,2024-10-07,2024-10-31,2025-03-18,Returned,0
CHK000242,BK000656,STU000202,Karen Rodriguez,Modern Literature,2025-04-12,2024-02-09,2025-01-12,Checked Out,0
CHK000243,BK000360,STU000548,Donald White,Introduction to Mathematics,2024-02-10,2025-08-25,,Checked Out,0
CHK000244,BK000342,STU000389,Karen Thomas,Advanced Science,2025-01-28,2025-04-25,,Checked Out,0
CHK000245,BK000971,STU000825,Mary Young,Principles of Art,2025-05-24,2025-02-26,2024-09-23,Overdue,0
CHK000246,BK000664,STU000535,Linda Torres,Principles of Computer Science,2024-04-03,2024-06-29,2025-05-09,Overdue,18
CHK000247,BK000561,STU000594,Elizabeth Hill,Modern Literature,2025-08-23,2024-02-29,2025-06-01,Overdue,0
CHK000248,BK000625,STU000651,Ronald Davis,Advanced Mathematics,2024-02-26,2025-03-19,2025-12-21,Overdue,0
CHK000249,BK000183,STU000454,Sandra Lopez,Advanced Science,2025-05-21,2024-02-26,2024-06-19,Checked Out,0
CHK000250,BK000697,STU000457,Helen Anderson,Modern History,2025-11-02,2024-04-19,,Checked Out,0
CHK000251,BK000067,STU000047,Mark Brown,Principles of Computer Science,2024-10-01,2024-12-07,2025-11-23,Checked Out,0
CHK000252,BK000772,STU000089,Christopher Thompson,Principles of Science,2025-12-27,2024-10-23,2025-09-11,Checked Out,0
CHK000253,BK000580,STU000550,Betty Perez,Principles of Literature,2025-11-23,2024-05-28,,Checked Out,0
CHK000254,BK000309,STU000520,Jessica Lee,Advanced History,2025-11-07,2024-05-12,2024-07-21,Checked Out,0
CHK000255,BK000958,STU000280,John Torres,Modern Computer Science,2025-05-10,2024-01-25,2025-08-06,Overdue,0
CHK000256,BK000719,STU000526,Helen Rodriguez,Introduction to Science,2024-12-21,2025-03-13,2024-03-18,Returned,0
CHK000257,BK000294,STU000024,Paul Martin,Modern Mathematics,2025-03-17,2025-01-24,2024-10-07,Returned,0
CHK000258,BK000973,STU000313,Mary Jones,Principles of Business,2024-05-13,2024-05-27,,Checked Out,5
CHK000259,BK000587,STU000674,Anthony Allen,Advanced Mathematics,2025-08-09,2025-12-09,,Returned,0
CHK000260,BK000431,STU000787,Karen Rodriguez,Introduction to Science,2024-04-12,2025-03-06,,Returned,0
CHK000261,BK000074,STU000494,Elizabeth Hill,Advanced Art,2024-06-07,2024-07-03,2024-02-16,Overdue,0
CHK000262,BK000030,STU000665,Richard Lopez,Introduction to Mathematics,2024-02-29,2024-07-22,2025-06-17,Returned,0
CHK000263,BK000515,STU000653,Lisa Lopez,Advanced Mathematics,2024-05-16,2024-09-25,,Overdue,0
CHK000264,BK000945,STU000128,Donna Lopez,Principles of Business,2025-02-13,2024-03-11,2025-08-14,Checked Out,0
CHK000265,BK000140,STU000244,Thomas Martin,Modern Science,2025-12-20,2025-05-15,,Overdue,0
CHK000266,BK000395,STU000866,Jessica Flores,Advanced Mathematics,2025-03-15,2025-02-07,,Checked Out,6
CHK000267,BK000143,STU000308,Sandra Harris,Modern Business,2024-07-28,2024-02-16,2025-04-05,Overdue,0
CHK000268,BK000960,STU000119,Dorothy Clark,Introduction to Computer Science,2025-08-15,2024-10-07,,Overdue,0
CHK000269,BK000043,STU000554,Donald Rodriguez,Advanced Art,2025-07-07,2025-12-12,2025-01-31,Checked Out,0
CHK000270,BK000431,STU000647,David King,Introduction to Science,2024-04-14,2024-07-15,2024-07-16,Overdue,0
CHK000271,BK000383,STU000203,David Sanchez,Advanced Art,2024-03-01,2024-10-07,2025-09-08,Checked Out,0
CHK000272,BK000475,STU000457,Helen Anderson,Principles of Business,2025-03-14,2024-08-18,2025-09-14,Overdue,0
CHK000273,BK000993,STU000852,Donald Taylor,Modern Computer Science,2024-05-15,2025-04-06,,Checked Out,0
CHK000274,BK000280,STU000071,Sarah Nguyen,Advanced Mathematics,2024-04-30,2025-08-06,2024-08-14,Returned,0
CHK000275,BK000068,STU000762,Christopher Martin,Advanced History,2024-03-31,2025-08-31,2025-02-22,Overdue,18
CHK000276,BK000729,STU000707,Michael Johnson,Modern Computer Science,2025-08-20,2024-07-03,2024-11-14,Checked Out,0
CHK000277,BK000812,STU000534,Michelle Jackson,Modern Mathematics,2025-05-10,2025-03-18,,Returned,20
CHK000278,BK000628,STU000097,Jeffrey Garcia,Advanced Art,2025-12-19,2024-05-11,,Checked Out,0
CHK000279,BK000552,STU000167,Sharon Young,Advanced Literature,2024-01-13,2025-06-08,2025-06-05,Returned,19
CHK000280,BK000082,STU000479,Christopher Harris,Advanced History,2024-01-25,2024-06-21,2024-10-24,Overdue,0
CHK000281,BK000593,STU000073,Christopher Davis,Modern Science,2025-08-16,2024-05-06,2025-09-02,Checked Out,0
CHK000282,BK000470,STU000591,Jacob Scott,Introduction to Mathematics,2025-12-18,2024-10-09,2025-12-29,Checked Out,0
CHK000283,BK000565,STU000585,Richard Harris,Principles of History,2025-07-10,2025-04-17,2025-11-17,Overdue,0
CHK000284,BK000778,STU000587,Donna Jackson,Advanced Art,2024-03-31,2026-01-06,2024-06-21,Returned,18
CHK000285,BK000036,STU000642,Dorothy Anderson,Modern Science,2025-01-30,2025-04-22,,Returned,0
CHK000286,BK000411,STU000807,William Hill,Principles of Computer Science,2024-08-17,2024-09-19,2024-04-04,Overdue,0
CHK000287,BK000438,STU000633,James Ramirez,Introduction to Business,2025-01-04,2025-04-08,,Returned,0
CHK000288,BK000287,STU000476,Kenneth Harris,Introduction to Computer Science,2025-11-07,2025-02-06,2025-06-08,Returned,0
CHK000289,BK000904,STU000102,Jeffrey Miller,Principles of Business,2025-03-20,2024-07-15,2024-03-09,Overdue,25
CHK000290,BK000525,STU000900,Michael Wright,Principles of Science,2024-04-25,2024-11-30,,Checked Out,0
CHK000291,BK000052,STU000532,Michael Allen,Introduction to Art,2024-06-28,2024-07-14,,Overdue,0
CHK000292,BK000773,STU000366,Karen White,Introduction to Literature,2024-02-20,2025-10-04,2024-07-02,Checked Out,0
CHK000293,BK000004,STU000873,Timothy Ramirez,Principles of Art,2024-12-11,2025-06-06,,Returned,10
CHK000294,BK000700,STU000017,Paul Taylor,Modern Mathematics,2024-02-25,2025-10-11,2024-04-10,Overdue,17
CHK000295,BK000040,STU000566,Sarah Moore,Modern Literature,2024-05-21,2024-12-01,2024-10-09,Checked Out,0
CHK000296,BK000976,STU000470,Richard Garcia,Principles of Science,2025-05-10,2025-11-28,2025-09-27,Checked Out,0
CHK000297,BK000320,STU000332,Mary Young,Advanced Art,2025-09-17,2025-02-26,,Checked Out,0
CHK000298,BK000831,STU000596,Brian Moore,Principles of Science,2025-06-05,2025-08-29,2024-06-09,Returned,1
CHK000299,BK000857,STU000365,Mark Perez,Introduction to Business,2025-07-24,2025-08-07,2024-09-25,Checked Out,0
CHK000300,BK000373,STU000199,Karen Nguyen,Advanced History,2025-12-05,2025-03-15,,Returned,0
CHK000301,BK000661,STU000953,Laura Torres,Advanced Business,2025-06-09,2025-07-19,,Returned,0
CHK000302,BK000811,STU000765,David White,Advanced Literature,2024-09-21,2024-04-23,,Overdue,0
CHK000303,BK000839,STU000388,Sarah Martinez,Principles of Art,2024-01-17,2024-11-12,2024-10-26,Checked Out,24
CHK000304,BK000158,STU000322,Sarah Wright,Principles of Art,2025-09-26,2024-06-14,,Overdue,0
CHK000305,BK000712,STU000068,Jeffrey Scott,Principles of Science,2025-10-09,2025-12-30,2024-12-26,Checked Out,0
CHK000306,BK000945,STU000499,Sarah Lewis,Principles of Business,2025-04-07,2024-08-17,2024-01-04,Checked Out,0
CHK000307,BK000868,STU000410,Nancy Wright,Advanced Computer Science,2024-09-20,2024-02-11,2025-02-27,Returned,11
CHK000308,BK000560,STU000894,Joshua King,Principles of Mathematics,2024-02-06,2024-09-07,2025-06-24,Returned,0
CHK000309,BK000828,STU000711,Timothy Lee,Principles of Computer Science,2025-03-26,2024-07-03,2024-03-02,Checked Out,0
CHK000310,BK000209,STU000191,Sarah Clark,Principles of Computer Science,2024-10-20,2024-04-14,,Checked Out,0
CHK000311,BK000870,STU000220,Jason Lee,Principles of Science,2025-01-14,2025-01-10,2025-01-06,Returned,0
CHK000312,BK000760,STU000298,Lisa Smith,Modern Science,2024-05-23,2024-01-31,2024-09-04,Overdue,7
CHK000313,BK000613,STU000496,Robert King,Principles of History,2024-01-14,2025-06-19,2024-10-01,Returned,0
CHK000314,BK000909,STU000720,Timothy Thompson,Principles of Literature,2024-08-28,2025-03-14,2025-03-28,Returned,23
CHK000315,BK000696,STU000523,Betty White,Principles of History,2024-10-18,2024-12-07,2025-12-12,Returned,13
CHK000316,BK000313,STU000594,Elizabeth Hill,Modern Science,2024-03-24,2024-12-01,2025-04-19,Overdue,0
CHK000317,BK000111,STU000363,Elizabeth Lee,Advanced Business,2024-04-13,2025-10-17,,Returned,0
CHK000318,BK000793,STU000562,Sarah Garcia,Introduction to Computer Science,2024-03-21,2024-07-09,2025-06-03,Returned,0
CHK000319,BK000288,STU000617,Linda Williams,Modern History,2025-01-03,2024-12-31,,Overdue,0
CHK000320,BK000921,STU000100,Sandra Davis,Modern Mathematics,2024-05-17,2025-12-27,,Checked Out,0
CHK000321,BK000892,STU000170,Elizabeth Miller,Principles of Literature,2025-12-28,2025-11-25,2025-12-07,Checked Out,0
CHK000322,BK000667,STU000643,Michelle Walker,Introduction to Business,2025-06-25,2025-05-27,2024-12-18,Returned,0
CHK000323,BK000129,STU000714,Linda Walker,Advanced History,2025-08-19,2025-02-02,2024-08-11,Returned,0
CHK000324,BK000861,STU000096,William Scott,Introduction to Mathematics,2024-12-07,2024-02-13,2024-05-31,Checked Out,0
CHK000325,BK000990,STU000074,Nancy Hernandez,Principles of Science,2024-02-18,2024-02-20,2024-07-31,Returned,0
CHK000326,BK000037,STU000038,Matthew Robinson,Advanced Art,2025-02-02,2024-07-31,2024-09-06,Overdue,0
CHK000327,BK000481,STU000554,Donald Rodriguez,Principles of Science,2024-01-09,2024-03-13,2024-02-12,Returned,24
CHK000328,BK000086,STU000056,Nancy Jackson,Introduction to Science,2024-08-04,2024-05-12,2025-07-25,Returned,25
CHK000329,BK000064,STU000969,Linda Taylor,Introduction to Mathematics,2024-10-14,2025-01-30,,Checked Out,22
CHK000330,BK000422,STU000684,Jessica Lopez,Modern Art,2024-04-10,2025-07-24,2025-11-21,Returned,2
CHK000331,BK000363,STU000558,James White,Advanced Computer Science,2024-05-04,2025-10-11,2024-10-28,Returned,0
CHK000332,BK000272,STU000540,Patricia Williams,Advanced Science,2025-05-13,2024-09-25,2024-09-10,Returned,11
CHK000333,BK000916,STU000030,Lisa Hill,Advanced Computer Science,2025-09-30,2025-06-27,2025-11-17,Overdue,0
CHK000334,BK000141,STU000319,Karen Rodriguez,Introduction to Business,2025-06-09,2025-11-22,2024-05-12,Checked Out,0
CHK000335,BK000818,STU000480,Laura Nguyen,Advanced Literature,2024-10-15,2025-04-29,2025-04-17,Overdue,0
CHK000336,BK000235,STU000764,Robert Lopez,Modern Art,2024-08-16,2024-11-26,2024-06-25,Overdue,19
CHK000337,BK000100,STU000065,Kimberly Lee,Modern Science,2025-12-08,2025-12-03,2024-06-13,Returned,0
CHK000338,BK000990,STU000475,William Moore,Principles of Science,2024-06-27,2024-07-02,2025-03-03,Checked Out,25
CHK000339,BK000674,STU000116,Ronald Wright,Introduction to Art,2025-08-28,2024-09-25,2025-07-27,Returned,0
CHK000340,BK000969,STU000474,Karen Thomas,Introduction to Art,2025-12-19,2024-01-24,2025-01-15,Checked Out,0
CHK000341,BK000334,STU000843,Elizabeth Wright,Introduction to Computer Science,2024-08-26,2025-03-20,2025-11-14,Overdue,0
CHK000342,BK000421,STU000507,George Torres,Advanced Business,2025-07-12,2024-11-04,,Checked Out,0
CHK000343,BK000564,STU000566,Sarah Moore,Introduction to Computer Science,2024-07-18,2024-02-05,2025-01-17,Returned,0
CHK000344,BK000475,STU000292,Steven Rodriguez,Principles of Business,2024-01-05,2024-12-02,,Checked Out,0
CHK000345,BK000688,STU000939,Jason Flores,Principles of Mathematics,2024-06-20,2025-12-21,2025-04-26,Overdue,0
CHK000346,BK000227,STU000970,Thomas Flores,Principles of Art,2024-06-04,2024-03-20,,Overdue,2
CHK000347,BK000839,STU000806,Richard Walker,Principles of Art,2025-11-10,2024-09-11,2025-10-25,Overdue,0
CHK000348,BK000583,STU000224,Anthony Davis,Introduction to Literature,2025-07-14,2024-07-29,,Checked Out,0
CHK000349,BK000834,STU000530,Kenneth Miller,Modern Business,2025-12-30,2024-10-13,2024-11-21,Checked Out,0
CHK000350,BK000998,STU000955,Patricia Davis,Modern History,2025-06-26,2024-08-23,2024-10-29,Overdue,0
CHK000351,BK000352,STU000831,Ronald Taylor,Advanced Science,2025-12-23,2025-09-18,2025-02-25,Checked Out,0
CHK000352,BK000973,STU000741,Barbara Gonzalez,Principles of Business,2024-01-01,2024-09-21,2024-08-29,Checked Out,4
CHK000353,BK000051,STU000106,David King,Modern Science,2024-06-14,2025-03-25,2025-06-26,Overdue,0
CHK000354,BK000008,STU000377,Steven Scott,Principles of History,2025-01-25,2025-05-16,,Returned,0
CHK000355,BK000921,STU000338,Nancy Jones,Modern Mathematics,2025-04-10,2025-03-28,2024-12-01,Checked Out,0
CHK000356,BK000209,STU000303,Kevin Gonzalez,Principles of Computer Science,2024-11-01,2025-02-16,2025-07-18,Overdue,0
CHK000357,BK000956,STU000160,Lisa Lee,Advanced Science,2024-07-10,2024-06-19,,Overdue,20
CHK000358,BK000345,STU000167,Sharon Young,Modern Mathematics,2025-02-04,2024-04-18,,Returned,0
CHK000359,BK000398,STU000527,Kevin Smith,Modern Mathematics,2025-11-09,2024-06-08,,Overdue,0
CHK000360,BK000859,STU000942,Laura Clark,Introduction to Mathematics,2025-05-18,2025-05-24,,Overdue,0
CHK000361,BK000015,STU000202,Karen Rodriguez,Introduction to Science,2024-01-14,2024-08-20,2024-11-07,Returned,0
CHK000362,BK000809,STU000505,Kenneth Hernandez,Introduction to History,2025-09-23,2024-05-10,2025-10-07,Returned,4
CHK000363,BK000690,STU000286,Patricia Robinson,Principles of Computer Science,2025-03-23,2024-09-28,2024-09-17,Checked Out,0
CHK000364,BK000017,STU000805,Lisa Wright,Modern Art,2025-01-11,2025-03-08,,Checked Out,0
CHK000365,BK000302,STU000388,Sarah Martinez,Advanced Mathematics,2025-06-22,2025-04-10,,Overdue,0
CHK000366,BK000474,STU000055,Sandra Martin,Modern Science,2025-07-14,2025-06-23,2024-02-14,Overdue,0
CHK000367,BK000159,STU000164,Sandra Allen,Principles of Mathematics,2024-08-19,2024-05-23,2025-03-12,Overdue,0
CHK000368,BK000270,STU000227,Andrew Smith,Modern History,2025-10-17,2024-03-12,2024-04-24,Checked Out,0
CHK000369,BK000965,STU000171,Susan Lee,Principles of Computer Science,2024-07-29,2025-07-17,2025-01-10,Overdue,0
CHK000370,BK000892,STU000360,Jennifer Smith,Principles of Literature,2024-02-11,2025-09-24,,Checked Out,0
CHK000371,BK000743,STU000835,Paul Wilson,Advanced Computer Science,2024-02-02,2024-10-22,2025-08-01,Checked Out,15
CHK000372,BK000245,STU000186,Jennifer Thompson,Introduction to Art,2024-11-11,2025-04-30,2025-02-14,Returned,18
CHK000373,BK000742,STU000851,Dorothy Williams,Principles of History,2024-01-13,2024-01-19,2024-09-26,Returned,0
CHK000374,BK000582,STU000992,Dorothy Clark,Advanced Art,2025-08-10,2024-05-10,,Returned,0
CHK000375,BK000141,STU000413,David Jackson,Introduction to Business,2025-02-23,2025-12-01,,Checked Out,0
CHK000376,BK000110,STU000221,Linda Harris,Modern Mathematics,2025-03-26,2024-07-27,2024-07-08,Checked Out,0
CHK000377,BK000505,STU000521,Sarah Scott,Introduction to Art,2024-09-25,2025-03-19,2025-10-09,Overdue,15
CHK000378,BK000773,STU000144,John Davis,Introduction to Literature,2024-06-20,2025-10-29,,Overdue,0
CHK000379,BK000347,STU000599,Robert Williams,Modern Mathematics,2025-07-22,2024-11-08,,Overdue,0
CHK000380,BK000536,STU000248,Matthew Moore,Advanced Business,2024-06-28,2024-08-08,2024-12-13,Returned,0
CHK000381,BK000333,STU000664,David Allen,Modern Literature,2024-10-18,2024-09-11,,Checked Out,0
CHK000382,BK000392,STU000202,Karen Rodriguez,Principles of History,2025-06-24,2025-01-15,2024-09-19,Returned,5
CHK000383,BK000689,STU000899,Thomas Jackson,Introduction to History,2025-08-22,2026-01-11,2025-04-05,Checked Out,0
CHK000384,BK000045,STU000230,Laura Scott,Principles of History,2024-07-30,2025-05-22,,Overdue,0
CHK000385,BK000219,STU000355,Barbara Wilson,Introduction to Art,2025-10-04,2024-10-28,,Checked Out,0
CHK000386,BK000978,STU000726,Michael Young,Principles of Art,2025-09-05,2024-04-05,,Checked Out,0
CHK000387,BK000179,STU000177,Karen Lopez,Advanced Literature,2025-08-26,2024-03-23,2025-02-05,Returned,0
CHK000388,BK000349,STU000441,Laura Brown,Introduction to Mathematics,2025-06-04,2025-02-16,2025-10-06,Checked Out,0
CHK000389,BK000913,STU000612,Donna Johnson,Introduction to Science,2024-09-07,2025-11-06,,Overdue,25
CHK000390,BK000559,STU000192,Barbara Gonzalez,Principles of Science,2024-05-05,2024-09-10,,Checked Out,0
CHK000391,BK000854,STU000399,Deborah Young,Modern Literature,2024-11-18,2024-06-19,2024-01-02,Overdue,0
CHK000392,BK000885,STU000917,Sarah Wright,Principles of Literature,2025-01-16,2024-11-09,2024-01-26,Checked Out,5
CHK000393,BK000224,STU000407,Sharon Garcia,Modern History,2025-04-07,2024-02-01,2025-04-24,Overdue,7
CHK000394,BK000768,STU000893,Ronald Jackson,Principles of Science,2024-04-03,2025-12-24,,Returned,0
CHK000395,BK000636,STU000341,Sarah Brown,Principles of Science,2025-02-15,2025-02-27,2024-10-23,Checked Out,0
CHK000396,BK000720,STU000750,Daniel Hernandez,Principles of Business,2024-10-12,2024-11-22,2025-08-05,Returned,0
CHK000397,BK000802,STU000832,Donna Gonzalez,Advanced History,2025-05-05,2025-04-15,2025-03-12,Checked Out,0
CHK000398,BK000447,STU000828,Kenneth Jones,Advanced Business,2024-04-04,2025-01-27,,Checked Out,0
CHK000399,BK000726,STU000383,Lisa Flores,Modern Business,2024-06-22,2024-04-29,2025-05-18,Checked Out,0
CHK000400,BK000383,STU000771,Joshua Gonzalez,Advanced Art,2025-01-30,2025-05-02,2024-01-15,Returned,0
CHK000401,BK000367,STU000104,William Perez,Advanced Art,2024-02-28,2025-06-18,2024-05-22,Overdue,0
CHK000402,BK000805,STU000528,Susan Nguyen,Principles of Mathematics,2025-09-26,2024-02-02,2025-10-19,Overdue,0
CHK000403,BK000102,STU000938,Karen Nguyen,Principles of Computer Science,2025-01-28,2024-03-09,,Overdue,0
CHK000404,BK000499,STU000320,Paul Ramirez,Modern Business,2024-09-13,2025-03-21,,Checked Out,0
CHK000405,BK000641,STU000544,Paul Gonzalez,Introduction to Literature,2024-01-08,2025-07-03,2024-03-24,Checked Out,0
CHK000406,BK000174,STU000612,Donna Johnson,Introduction to Art,2025-11-04,2025-02-04,2025-09-20,Overdue,0
CHK000407,BK000027,STU000354,Matthew Jackson,Modern Computer Science,2024-09-04,2025-08-20,2024-05-28,Checked Out,0
CHK000408,BK000188,STU000010,Kimberly Martin,Modern History,2025-06-21,2024-11-29,,Checked Out,0
CHK000409,BK000763,STU000245,David Harris,Principles of History,2024-05-13,2024-02-27,,Returned,0
CHK000410,BK000771,STU000205,Brian King,Introduction to Literature,2024-06-29,2024-10-27,2025-09-07,Checked Out,0
CHK000411,BK000417,STU000245,David Harris,Modern Art,2024-11-05,2025-05-11,2025-08-12,Checked Out,0
CHK000412,BK000769,STU000999,Sarah Hernandez,Principles of Business,2025-02-13,2024-03-06,2024-05-18,Overdue,0
CHK000413,BK000068,STU000995,Helen Smith,Advanced History,2024-06-18,2024-02-07,,Returned,0
CHK000414,BK000975,STU000433,Edward Davis,Introduction to Art,2025-08-26,2025-04-09,2024-01-29,Checked Out,0
CHK000415,BK000626,STU000770,Richard Walker,Principles of Art,2024-11-01,2024-10-02,,Checked Out,0
CHK000416,BK000491,STU000215,Sandra Gonzalez,Advanced Business,2024-06-09,2025-11-29,,Overdue,4
CHK000417,BK000813,STU000886,Ronald Jackson,Principles of Business,2025-12-09,2025-07-16,,Overdue,0
CHK000418,BK000620,STU000101,Donna Martin,Principles of Literature,2024-09-20,2024-06-21,2025-04-24,Overdue,0
CHK000419,BK000232,STU000974,Kenneth Allen,Principles of Literature,2025-07-23,2024-05-10,2024-06-07,Checked Out,16
CHK000420,BK000567,STU000822,Jessica Martin,Introduction to Art,2024-06-13,2024-01-19,,Overdue,0
CHK000421,BK000209,STU000405,Helen Ramirez,Principles of Computer Science,2025-05-27,2024-03-08,,Returned,0
CHK000422,BK000264,STU000533,Christopher Thompson,Introduction to Science,2025-03-04,2025-02-01,2025-12-28,Overdue,0
CHK000423,BK000287,STU000724,Karen Davis,Introduction to Computer Science,2024-04-27,2024-03-15,,Checked Out,14
CHK000424,BK000937,STU000393,Helen Scott,Modern Business,2024-09-19,2024-04-14,2025-07-31,Checked Out,3
CHK000425,BK000884,STU000584,Betty King,Advanced Business,2024-03-01,2025-07-20,2024-04-28,Overdue,14
CHK000426,BK000695,STU000904,Kevin Young,Principles of Science,2024-04-20,2025-02-24,,Returned,0
CHK000427,BK000041,STU000749,Sarah Gonzalez,Advanced History,2025-01-13,2024-05-15,,Overdue,0
CHK000428,BK000871,STU000009,Patricia Thomas,Introduction to Science,2025-04-24,2025-06-22,,Overdue,0
CHK000429,BK000324,STU000547,Sarah Torres,Advanced History,2025-08-24,2024-12-11,2025-04-04,Overdue,0
CHK000430,BK000184,STU000780,Donald Harris,Principles of Art,2024-04-09,2024-10-03,2024-05-31,Returned,0
CHK000431,BK000365,STU000155,Helen Gonzalez,Advanced Art,2025-12-25,2025-04-24,,Overdue,0
CHK000432,BK000902,STU000236,Lisa Nguyen,Principles of Literature,2024-01-21,2024-12-22,2024-02-09,Overdue,0
CHK000433,BK000275,STU000908,Barbara Gonzalez,Modern History,2024-12-19,2026-01-01,2025-05-15,Checked Out,0
CHK000434,BK000088,STU000666,George Wilson,Principles of Computer Science,2025-09-16,2025-05-22,2024-08-20,Checked Out,0
CHK000435,BK000485,STU000145,Betty Johnson,Advanced Mathematics,2024-04-05,2024-03-07,2025-05-12,Overdue,0
CHK000436,BK000778,STU000101,Donna Martin,Advanced Art,2025-04-26,2025-08-03,2024-05-30,Returned,0
CHK000437,BK000091,STU000016,Helen Taylor,Modern Science,2024-02-05,2024-03-09,2024-04-17,Returned,12
CHK000438,BK000455,STU000390,Edward Young,Modern Art,2025-01-23,2025-06-18,,Returned,0
CHK000439,BK000569,STU000244,Thomas Martin,Modern Business,2024-04-13,2024-04-30,,Returned,0
CHK000440,BK000444,STU000787,Karen Rodriguez,Modern Mathematics,2025-04-02,2024-06-23,,Checked Out,0
CHK000441,BK000151,STU000439,Lisa Anderson,Advanced Mathematics,2024-01-18,2025-12-13,2025-01-16,Checked Out,19
CHK000442,BK000883,STU000549,David Torres,Introduction to Business,2025-04-27,2024-04-21,2025-11-16,Overdue,0
CHK000443,BK000269,STU000759,Andrew Lewis,Advanced Art,2025-09-20,2025-02-23,,Returned,0
CHK000444,BK000361,STU000127,Christopher Martinez,Principles of Literature,2024-01-03,2025-02-15,2024-10-28,Overdue,0
CHK000445,BK000788,STU000725,Carol Miller,Introduction to Computer Science,2025-08-23,2024-04-10,2024-07-31,Checked Out,0
CHK000446,BK000251,STU000448,Edward Scott,Introduction to Mathematics,2024-02-17,2025-03-08,,Returned,0
CHK000447,BK000250,STU000958,George White,Introduction to Business,2024-06-01,2025-10-08,,Checked Out,0
CHK000448,BK000714,STU000767,Jeffrey Ramirez,Modern History,2025-12-11,2024-10-25,,Checked Out,0
CHK000449,BK000346,STU000272,Anthony Lopez,Introduction to Business,2025-10-27,2024-03-26,,Returned,0
CHK000450,BK000713,STU000406,Sarah Martin,Introduction to Mathematics,2024-11-01,2024-09-28,2024-10-13,Overdue,0
CHK000451,BK000138,STU000124,Thomas Wilson,Introduction to Science,2024-10-26,2025-04-20,2024-09-06,Checked Out,0
CHK000452,BK000686,STU000591,Jacob Scott,Principles of Art,2024-05-17,2025-02-18,2024-09-19,Overdue,0
CHK000453,BK000084,STU000010,Kimberly Martin,Modern Science,2024-04-14,2024-01-15,,Returned,0
CHK000454,BK000263,STU000850,Kimberly Perez,Modern Mathematics,2025-05-14,2024-06-05,2024-01-25,Checked Out,0
CHK000455,BK000329,STU000609,Christopher Rodriguez,Introduction to Business,2024-12-14,2025-10-11,2024-09-23,Overdue,0
CHK000456,BK000182,STU000224,Anthony Davis,Introduction to History,2024-07-06,2025-09-27,2024-05-06,Overdue,25
CHK000457,BK000329,STU000408,Jacob Lopez,Introduction to Business,2024-06-03,2024-03-14,,Overdue,0
CHK000458,BK000871,STU000860,Jason Lee,Introduction to Science,2025-09-08,2024-03-18,2025-10-06,Returned,0
CHK000459,BK000024,STU000499,Sarah Lewis,Modern Science,2024-09-16,2024-06-21,,Returned,11
CHK000460,BK000521,STU000433,Edward Davis,Modern Business,2024-01-08,2025-02-17,,Overdue,0
CHK000461,BK000835,STU000161,Dorothy Clark,Introduction to Art,2025-10-26,2024-04-26,2025-12-02,Overdue,0
CHK000462,BK000180,STU000289,Mark Thomas,Modern Science,2024-08-04,2025-03-17,,Returned,0
CHK000463,BK000940,STU000159,Dorothy Johnson,Principles of Computer Science,2024-12-30,2024-10-05,,Returned,0
CHK000464,BK000739,STU000933,Lisa Johnson,Modern Science,2024-01-25,2025-03-07,,Returned,0
CHK000465,BK000414,STU000948,Susan Lee,Principles of Business,2025-04-22,2025-11-11,,Returned,0
CHK000466,BK000350,STU000315,Barbara Jones,Modern Art,2024-08-10,2025-01-19,2025-10-04,Returned,0
CHK000467,BK000684,STU000744,Brian Lee,Advanced Art,2024-04-11,2024-02-17,2024-08-27,Returned,0
CHK000468,BK000725,STU000984,Helen Lee,Advanced Art,2025-02-19,2025-12-04,,Overdue,0
CHK000469,BK000456,STU000907,Jennifer King,Principles of History,2024-12-18,2024-02-20,2025-03-16,Returned,0
CHK000470,BK000423,STU000041,Kenneth Hill,Principles of Mathematics,2024-06-30,2025-09-09,2025-10-31,Overdue,0
CHK000471,BK000143,STU000645,Carol Davis,Modern Business,2025-09-17,2025-05-29,,Overdue,0
CHK000472,BK000605,STU000139,Christopher Young,Advanced Mathematics,2025-10-04,2024-05-08,,Overdue,0
CHK000473,BK000419,STU000250,Lisa Lee,Introduction to Mathematics,2024-10-25,2025-08-28,,Returned,6
CHK000474,BK000351,STU000085,Timothy Hill,Introduction to History,2025-09-28,2025-03-21,2024-07-24,Checked Out,0
CHK000475,BK000546,STU000886,Ronald Jackson,Advanced Art,2024-05-28,2024-03-29,2024-07-16,Checked Out,0
CHK000476,BK000120,STU000375,Dorothy Young,Introduction to Computer Science,2025-08-06,2024-10-22,2024-05-21,Overdue,0
CHK000477,BK000123,STU000955,Patricia Davis,Principles of Mathematics,2024-02-10,2026-01-02,,Returned,0
CHK000478,BK000950,STU000235,John Wilson,Introduction to Science,2025-09-01,2025-10-04,2024-06-24,Checked Out,0
CHK000479,BK000666,STU000975,William Hernandez,Principles of Art,2025-05-01,2025-05-19,2024-03-03,Checked Out,0
CHK000480,BK000773,STU000936,John Johnson,Introduction to Literature,2024-09-08,2025-12-16,,Returned,0
CHK000481,BK000282,STU000635,Daniel Davis,Modern Literature,2024-12-21,2024-03-24,,Checked Out,0
CHK000482,BK000387,STU000215,Sandra Gonzalez,Modern Business,2024-02-23,2026-01-09,2025-01-24,Checked Out,0
CHK000483,BK000655,STU000722,Kimberly Scott,Advanced Science,2024-05-07,2024-08-13,,Checked Out,0
CHK000484,BK000485,STU000206,Christopher Hernandez,Advanced Mathematics,2025-03-19,2024-08-21,2024-05-08,Returned,23
CHK000485,BK000769,STU000230,Laura Scott,Principles of Business,2024-08-15,2025-04-22,2025-10-31,Overdue,23
CHK000486,BK000628,STU000930,David Moore,Advanced Art,2024-06-27,2025-11-17,,Returned,0
CHK000487,BK000209,STU000007,Jason Ramirez,Principles of Computer Science,2024-03-26,2024-12-12,,Checked Out,0
CHK000488,BK000985,STU000003,Michael Thompson,Introduction to Art,2025-05-18,2025-03-12,2024-02-18,Checked Out,0
CHK000489,BK000199,STU000476,Kenneth Harris,Modern Literature,2024-05-24,2025-06-08,,Overdue,0
CHK000490,BK000755,STU000705,Edward Moore,Introduction to Science,2024-01-26,2024-08-12,,Overdue,0
CHK000491,BK000137,STU000084,Mary Lee,Principles of Business,2024-10-15,2025-05-02,2024-03-30,Overdue,0
CHK000492,BK000720,STU000346,Sharon Anderson,Principles of Business,2024-09-27,2024-09-11,,Overdue,0
CHK000493,BK000900,STU000868,Karen White,Advanced Business,2025-02-18,2025-09-09,2025-09-22,Overdue,0
CHK000494,BK000001,STU000346,Sharon Anderson,Modern Art,2025-07-28,2024-08-21,2025-10-13,Overdue,0
CHK000495,BK000635,STU000435,John Smith,Modern Art,2025-07-19,2025-08-13,2024-12-22,Returned,0
CHK000496,BK000185,STU000901,Robert Thomas,Modern Art,2024-10-30,2025-06-08,,Checked Out,0
CHK000497,BK000283,STU000057,Jennifer Jackson,Introduction to Mathematics,2024-07-04,2024-07-03,,Checked Out,0
CHK000498,BK000788,STU000381,Lisa Anderson,Introduction to Computer Science,2024-09-03,2025-03-11,,Returned,0
CHK000499,BK000874,STU000340,Kenneth Lopez,Principles of Mathematics,2025-08-08,2024-06-26,2025-01-19,Returned,0
CHK000500,BK000751,STU000449,Michael Robinson,Introduction to Literature,2025-03-05,2024-11-12,,Overdue,0
CHK000501,BK000106,STU000282,Ruth Sanchez,Introduction to Literature,2025-11-19,2025-06-01,,Checked Out,0
CHK000502,BK000121,STU000121,Jessica Wilson,Modern Art,2025-03-23,2025-12-11,,Overdue,0
CHK000503,BK000204,STU000305,Ruth Wright,Principles of Business,2024-07-27,2026-01-10,2025-10-31,Checked Out,25
CHK000504,BK000873,STU000685,Linda Hill,Modern Art,2024-08-09,2024-11-01,2025-08-21,Overdue,6
CHK000505,BK000524,STU000642,Dorothy Anderson,Advanced Art,2025-07-15,2024-12-11,,Returned,0
CHK000506,BK000035,STU000196,Karen Moore,Modern Business,2024-04-04,2025-01-17,2025-04-22,Overdue,0
CHK000507,BK000587,STU000779,Kimberly Nguyen,Advanced Mathematics,2024-01-12,2024-12-12,2025-02-22,Overdue,0
CHK000508,BK000994,STU000812,Ronald Ramirez,Modern History,2025-10-20,2025-04-29,,Overdue,0
CHK000509,BK000483,STU000003,Michael Thompson,Introduction to Science,2025-01-20,2025-06-13,,Returned,0
CHK000510,BK000200,STU000709,Linda Hernandez,Modern Art,2025-02-19,2024-05-06,2024-04-26,Checked Out,0
CHK000511,BK000492,STU000663,Timothy Sanchez,Introduction to Art,2025-08-09,2024-08-15,2024-01-27,Returned,0
CHK000512,BK000625,STU000858,Deborah Anderson,Advanced Mathematics,2024-02-17,2024-04-20,2024-12-21,Checked Out,0
CHK000513,BK000615,STU000313,Mary Jones,Advanced Business,2025-07-12,2025-05-12,2024-11-03,Overdue,0
CHK000514,BK000259,STU000273,Linda Miller,Advanced Science,2024-06-02,2024-03-31,,Returned,0
CHK000515,BK000696,STU000914,Robert Harris,Principles of History,2025-06-18,2025-09-03,,Returned,0
CHK000516,BK000367,STU000310,Susan Wright,Advanced Art,2025-05-13,2025-04-17,,Checked Out,0
CHK000517,BK000381,STU000060,William Harris,Principles of History,2024-02-27,2024-07-25,,Checked Out,0
CHK000518,BK000044,STU000766,Brian Garcia,Advanced Computer Science,2024-03-19,2024-01-27,2024-06-23,Returned,0
CHK000519,BK000550,STU000365,Mark Perez,Advanced History,2024-04-11,2024-09-11,2024-07-18,Overdue,0
CHK000520,BK000772,STU000481,Jessica Walker,Principles of Science,2025-05-19,2025-03-18,,Checked Out,0
CHK000521,BK000767,STU000471,Michelle Wilson,Introduction to Business,2024-05-05,2025-11-29,,Overdue,0
CHK000522,BK000710,STU000516,Mark Young,Modern Science,2025-07-14,2024-04-18,2024-05-17,Returned,0
CHK000523,BK000788,STU000866,Jessica Flores,Introduction to Computer Science,2025-07-15,2024-08-22,,Checked Out,0
CHK000524,BK000078,STU000926,Brian Wright,Modern Computer Science,2025-04-17,2024-09-22,2025-09-09,Overdue,0
CHK000525,BK000240,STU000177,Karen Lopez,Principles of Literature,2024-02-08,2025-04-02,2024-03-08,Returned,18
CHK000526,BK000302,STU000182,David Lewis,Advanced Mathematics,2024-04-08,2024-04-12,2024-08-13,Overdue,0
CHK000527,BK000554,STU000309,Kevin Wilson,Modern Computer Science,2025-03-08,2025-10-28,2024-03-07,Returned,0
CHK000528,BK000504,STU000805,Lisa Wright,Modern Literature,2025-08-14,2025-12-26,,Returned,0
CHK000529,BK000138,STU000867,Jessica Williams,Introduction to Science,2024-03-04,2025-11-27,,Checked Out,0
CHK000530,BK000695,STU000874,Ronald Thomas,Principles of Science,2024-09-18,2026-01-12,,Checked Out,0
CHK000531,BK000119,STU000530,Kenneth Miller,Principles of History,2025-07-01,2025-07-11,2024-02-13,Overdue,14
CHK000532,BK000272,STU000390,Edward Young,Advanced Science,2025-05-24,2024-05-08,2025-04-21,Overdue,0
CHK000533,BK000641,STU000713,Mary Johnson,Introduction to Literature,2024-10-26,2024-10-06,,Overdue,0
CHK000534,BK000904,STU000814,Donna Harris,Principles of Business,2024-03-19,2024-11-09,2025-09-04,Overdue,0
CHK000535,BK000209,STU000961,Karen Jackson,Principles of Computer Science,2025-01-13,2025-11-10,,Returned,0
CHK000536,BK000237,STU000698,Helen Martin,Principles of Literature,2024-07-07,2025-04-07,,Returned,0
CHK000537,BK000292,STU000173,Linda Williams,Advanced Mathematics,2024-05-27,2025-10-24,,Checked Out,4
CHK000538,BK000419,STU000051,Anthony Martinez,Introduction to Mathematics,2025-08-26,2024-03-07,2025-03-13,Checked Out,16
CHK000539,BK000726,STU000796,Jason Anderson,Modern Business,2024-12-13,2024-02-29,2024-01-22,Checked Out,0
CHK000540,BK000564,STU000109,Anthony Sanchez,Introduction to Computer Science,2025-02-18,2025-11-06,,Checked Out,0
CHK000541,BK000078,STU000303,Kevin Gonzalez,Modern Computer Science,2025-07-02,2025-01-14,2024-05-11,Overdue,0
CHK000542,BK000546,STU000572,Jeffrey Davis,Advanced Art,2025-04-04,2024-06-04,2025-08-31,Checked Out,0
CHK000543,BK000992,STU000703,Thomas Hill,Introduction to Mathematics,2025-04-09,2024-06-23,,Overdue,1
CHK000544,BK000845,STU000901,Robert Thomas,Introduction to Science,2025-06-12,2025-07-14,,Overdue,0
CHK000545,BK000230,STU000227,Andrew Smith,Advanced Computer Science,2025-04-30,2025-11-02,,Returned,0
CHK000546,BK000705,STU000087,Karen Walker,Introduction to Computer Science,2025-06-04,2025-08-13,2025-03-08,Returned,0
CHK000547,BK000713,STU000032,Matthew Anderson,Introduction to Mathematics,2024-01-03,2025-01-27,,Overdue,7
CHK000548,BK000298,STU000537,Susan Johnson,Advanced Science,2025-10-19,2024-10-05,,Overdue,12
CHK000549,BK000731,STU000232,Matthew Martin,Modern Computer Science,2024-08-09,2024-09-27,2025-07-01,Checked Out,8
CHK000550,BK000090,STU000867,Jessica Williams,Advanced Business,2025-02-19,2025-05-31,2024-12-31,Checked Out,0
CHK000551,BK000547,STU000450,Matthew Johnson,Modern History,2025-03-08,2024-10-14,,Returned,0
CHK000552,BK000476,STU000473,Nancy Lopez,Introduction to Business,2024-10-03,2025-05-29,,Overdue,0
CHK000553,BK000177,STU000872,Jessica Jackson,Advanced Literature,2024-05-10,2025-05-14,2024-10-11,Returned,3
CHK000554,BK000634,STU000081,Timothy Lewis,Advanced Art,2025-07-25,2024-06-24,,Checked Out,16
CHK000555,BK000886,STU000112,Helen Jackson,Introduction to Computer Science,2024-09-10,2025-02-26,2025-10-01,Returned,0
CHK000556,BK000471,STU000719,Joseph Robinson,Introduction to Mathematics,2025-12-09,2024-12-25,2025-09-14,Overdue,0
CHK000557,BK000293,STU000899,Thomas Jackson,Principles of History,2024-02-26,2025-08-17,2024-05-17,Returned,1
CHK000558,BK000905,STU000790,Ronald Torres,Principles of History,2024-12-14,2024-05-16,,Checked Out,0
CHK000559,BK000900,STU000786,Edward Garcia,Advanced Business,2024-03-19,2025-03-27,2024-04-11,Checked Out,0
CHK000560,BK000624,STU000319,Karen Rodriguez,Advanced Computer Science,2025-11-30,2024-03-17,,Checked Out,0
CHK000561,BK000645,STU000063,Barbara Taylor,Advanced Literature,2024-01-23,2024-05-24,,Checked Out,0
CHK000562,BK000615,STU000333,Andrew Anderson,Advanced Business,2025-05-27,2025-09-02,,Overdue,0
CHK000563,BK000729,STU000024,Paul Martin,Modern Computer Science,2025-02-15,2024-08-07,,Returned,0
CHK000564,BK000134,STU000857,Carol Wright,Modern Literature,2025-06-23,2025-01-07,2024-06-20,Overdue,0
CHK000565,BK000965,STU000900,Michael Wright,Principles of Computer Science,2024-03-26,2025-08-31,2025-02-13,Returned,22
CHK000566,BK000446,STU000273,Linda Miller,Advanced Computer Science,2025-05-07,2025-06-06,,Overdue,0
CHK000567,BK000145,STU000986,Carol Miller,Modern Business,2024-09-13,2024-02-24,,Overdue,0
CHK000568,BK000931,STU000117,Elizabeth Hernandez,Advanced Business,2024-06-02,2024-02-20,,Returned,0
CHK000569,BK000547,STU000223,Brian Perez,Modern History,2024-01-28,2024-08-06,2025-11-24,Overdue,0
CHK000570,BK000311,STU000682,Mark Gonzalez,Modern Literature,2024-06-11,2024-12-30,,Overdue,0
CHK000571,BK000780,STU000153,Kevin Garcia,Advanced Art,2025-10-01,2025-08-30,2025-05-09,Overdue,0
CHK000572,BK000858,STU000114,William Walker,Principles of Art,2025-01-20,2025-03-07,2025-10-09,Checked Out,0
CHK000573,BK000359,STU000265,Richard Lee,Advanced Computer Science,2025-06-14,2025-03-06,2025-12-18,Checked Out,0
CHK000574,BK000335,STU000538,Patricia Rodriguez,Advanced Science,2025-05-16,2025-04-25,2024-10-11,Checked Out,0
CHK000575,BK000684,STU000650,Susan Hernandez,Advanced Art,2025-07-04,2025-06-11,,Returned,0
CHK000576,BK000834,STU000088,George Walker,Modern Business,2024-02-15,2025-09-22,2024-06-30,Overdue,0
CHK000577,BK000529,STU000973,Patricia Allen,Advanced History,2025-09-30,2025-01-19,2025-05-21,Overdue,0
CHK000578,BK000160,STU000150,Ronald Lewis,Advanced Mathematics,2025-05-08,2025-12-31,,Overdue,0
CHK000579,BK000998,STU000831,Ronald Taylor,Modern History,2025-07-17,2025-03-19,2024-01-05,Overdue,0
CHK000580,BK000279,STU000734,Kimberly White,Principles of Art,2024-01-01,2025-05-16,,Returned,0
CHK000581,BK000494,STU000190,John Sanchez,Introduction to Science,2025-08-02,2025-03-18,2024-04-26,Checked Out,0
CHK000582,BK000176,STU000602,Nancy Lopez,Advanced Science,2024-05-22,2024-07-13,,Returned,0
CHK000583,BK000143,STU000599,Robert Williams,Modern Business,2024-11-29,2025-05-25,2025-08-17,Overdue,0
CHK000584,BK000833,STU000698,Helen Martin,Advanced History,2025-05-03,2025-03-16,2025-05-16,Checked Out,0
CHK000585,BK000917,STU000291,Michael Rodriguez,Introduction to Science,2024-02-12,2025-03-24,2024-03-16,Returned,0
CHK000586,BK000798,STU000791,Susan Young,Principles of Art,2025-01-28,2024-09-03,2025-10-26,Returned,0
CHK000587,BK000315,STU000984,Helen Lee,Modern Science,2024-11-16,2024-07-09,2024-04-18,Returned,0
CHK000588,BK000975,STU000658,Barbara Lee,Introduction to Art,2024-03-09,2025-05-04,2025-11-01,Overdue,0
CHK000589,BK000605,STU000321,Kimberly White,Advanced Mathematics,2024-03-09,2024-09-15,2025-03-04,Checked Out,10
CHK000590,BK000719,STU000393,Helen Scott,Introduction to Science,2024-07-02,2024-01-28,,Returned,0
CHK000591,BK000305,STU000098,Edward Johnson,Modern Mathematics,2025-10-13,2024-12-06,,Returned,0
CHK000592,BK000881,STU000133,Nancy Harris,Introduction to Science,2025-01-26,2025-12-26,,Returned,12
CHK000593,BK000436,STU000115,Sandra Martin,Advanced Art,2024-07-26,2024-12-01,,Checked Out,0
CHK000594,BK000268,STU000065,Kimberly Lee,Advanced Science,2024-06-10,2024-06-19,,Returned,0
CHK000595,BK000680,STU000657,Kenneth Gonzalez,Advanced Science,2024-03-10,2024-10-16,2024-02-08,Overdue,21
CHK000596,BK000259,STU000312,Joshua Rodriguez,Advanced Science,2025-04-22,2025-07-01,,Overdue,0
CHK000597,BK000679,STU000325,Kenneth Martinez,Advanced Literature,2025-04-14,2025-10-10,2024-03-07,Overdue,0
CHK000598,BK000240,STU000987,Joshua Martin,Principles of Literature,2024-08-20,2024-05-26,2024-08-14,Returned,0
CHK000599,BK000008,STU000113,David Robinson,Principles of History,2025-08-17,2024-08-08,2024-03-17,Overdue,9
CHK000600,BK000976,STU000541,Jennifer King,Principles of Science,2024-07-05,2024-02-01,,Overdue,11
CHK000601,BK000351,STU000430,Joshua Brown,Introduction to History,2024-09-19,2025-01-14,,Returned,0
CHK000602,BK000668,STU000159,Dorothy Johnson,Principles of Business,2025-01-14,2025-06-05,2024-01-01,Overdue,6
CHK000603,BK000653,STU000759,Andrew Lewis,Advanced Art,2024-11-11,2025-02-08,,Overdue,0
CHK000604,BK000919,STU000159,Dorothy Johnson,Modern Literature,2024-10-06,2024-11-10,,Overdue,2
CHK000605,BK000754,STU000962,Donna Torres,Modern Mathematics,2024-05-16,2025-10-20,,Checked Out,0
CHK000606,BK000410,STU000960,Linda White,Advanced Literature,2025-08-09,2024-09-10,,Overdue,0
CHK000607,BK000481,STU000509,Karen Garcia,Principles of Science,2024-07-16,2025-12-04,,Checked Out,0
CHK000608,BK000896,STU000349,Ryan Brown,Introduction to Literature,2024-09-09,2024-11-21,,Checked Out,0
CHK000609,BK000974,STU000586,George Perez,Modern Literature,2025-08-15,2025-04-26,2025-03-17,Overdue,0
CHK000610,BK000294,STU000208,Nancy Thompson,Modern Mathematics,2025-03-07,2025-07-30,,Overdue,10
CHK000611,BK000249,STU000625,Betty Scott,Principles of History,2024-04-17,2024-02-29,,Checked Out,0
CHK000612,BK000234,STU000545,Elizabeth Robinson,Introduction to Art,2025-12-04,2025-09-10,2025-02-08,Returned,3
CHK000613,BK000085,STU000560,Joseph Miller,Introduction to Art,2024-09-12,2024-08-29,2024-07-09,Overdue,0
CHK000614,BK000816,STU000613,Helen Taylor,Modern Literature,2024-05-10,2024-10-28,2024-07-02,Returned,0
CHK000615,BK000580,STU000090,Jennifer Ramirez,Principles of Literature,2025-06-15,2024-10-07,2024-08-12,Returned,15
CHK000616,BK000331,STU000653,Lisa Lopez,Principles of Science,2025-02-24,2024-06-29,2025-02-20,Overdue,0
CHK000617,BK000841,STU000114,William Walker,Principles of Computer Science,2024-09-06,2025-03-11,2025-10-05,Checked Out,0
CHK000618,BK000504,STU000918,James Wilson,Modern Literature,2025-07-06,2025-03-10,,Overdue,0
CHK000619,BK000481,STU000281,Daniel Allen,Principles of Science,2025-04-11,2024-06-17,2025-10-08,Returned,22
CHK000620,BK000584,STU000962,Donna Torres,Advanced Literature,2025-12-10,2024-12-15,2025-12-24,Checked Out,0
CHK000621,BK000881,STU000230,Laura Scott,Introduction to Science,2025-01-26,2024-08-02,2025-03-25,Overdue,0
CHK000622,BK000964,STU000821,Jennifer Torres,Modern Literature,2025-11-22,2024-09-02,2024-05-07,Checked Out,0
CHK000623,BK000559,STU000447,Paul Thompson,Principles of Science,2025-07-11,2025-01-22,2024-05-08,Checked Out,5
CHK000624,BK000236,STU000366,Karen White,Introduction to History,2024-10-17,2024-06-07,,Returned,13
CHK000625,BK000788,STU000996,Nancy Anderson,Introduction to Computer Science,2024-01-29,2025-11-05,2025-11-07,Checked Out,0
CHK000626,BK000137,STU000642,Dorothy Anderson,Principles of Business,2024-09-11,2024-12-13,2024-01-21,Checked Out,6
CHK000627,BK000101,STU000356,Helen Lee,Principles of Computer Science,2024-05-19,2024-11-18,2024-12-18,Overdue,0
CHK000628,BK000054,STU000748,Barbara Harris,Principles of Computer Science,2024-06-27,2025-04-26,2024-08-22,Overdue,0
CHK000629,BK000968,STU000428,Joshua Lewis,Modern Art,2025-05-24,2024-02-14,2025-10-16,Returned,20
CHK000630,BK000182,STU000310,Susan Wright,Introduction to History,2024-02-04,2025-02-13,2024-03-03,Checked Out,0
CHK000631,BK000530,STU000145,Betty Johnson,Introduction to Art,2025-05-08,2024-04-17,,Checked Out,0
CHK000632,BK000752,STU000980,Sarah Lewis,Advanced Mathematics,2024-04-03,2025-02-15,,Checked Out,0
CHK000633,BK000250,STU000681,Betty Anderson,Introduction to Business,2024-03-22,2024-07-10,,Overdue,0
CHK000634,BK000669,STU000221,Linda Harris,Principles of Art,2025-06-08,2025-07-10,2025-01-01,Checked Out,0
CHK000635,BK000520,STU000022,Dorothy Moore,Modern Mathematics,2025-06-15,2025-07-02,,Returned,0
CHK000636,BK000293,STU000882,Jeffrey Davis,Principles of History,2025-05-20,2024-03-10,,Checked Out,0
CHK000637,BK000393,STU000015,Paul Garcia,Principles of History,2025-07-18,2025-02-22,2024-06-27,Returned,0
CHK000638,BK000691,STU000338,Nancy Jones,Advanced History,2025-12-02,2024-06-01,,Overdue,18
CHK000639,BK000426,STU000052,Laura Garcia,Introduction to Computer Science,2024-09-21,2024-04-02,,Returned,0
CHK000640,BK000579,STU000663,Timothy Sanchez,Advanced Mathematics,2025-10-13,2025-05-20,,Returned,0
CHK000641,BK000198,STU000365,Mark Perez,Modern Mathematics,2024-03-25,2025-09-30,,Overdue,0
CHK000642,BK000918,STU000608,Sharon Smith,Modern Mathematics,2024-10-05,2025-09-23,2025-01-08,Overdue,7
CHK000643,BK000521,STU000413,David Jackson,Modern Business,2024-05-24,2024-10-28,2024-08-29,Returned,6
CHK000644,BK000544,STU000106,David King,Modern Science,2024-01-11,2024-07-15,,Overdue,0
CHK000645,BK000676,STU000928,Donna Flores,Advanced Art,2025-08-19,2024-06-14,,Returned,20
CHK000646,BK000725,STU000395,Timothy Gonzalez,Advanced Art,2024-09-02,2024-04-20,2024-10-12,Returned,0
CHK000647,BK000994,STU000691,Betty Anderson,Modern History,2025-03-14,2024-03-01,2024-07-29,Checked Out,0
CHK000648,BK000863,STU000926,Brian Wright,Introduction to History,2025-03-21,2024-09-08,2025-01-06,Overdue,0
CHK000649,BK000514,STU000917,Sarah Wright,Introduction to Business,2025-10-01,2025-08-16,2024-03-29,Overdue,0
CHK000650,BK000215,STU000200,Elizabeth Lee,Introduction to Business,2024-06-21,2025-06-08,2024-02-16,Returned,0
CHK000651,BK000052,STU000045,Joshua Williams,Introduction to Art,2025-03-23,2025-02-28,,Checked Out,0
CHK000652,BK000679,STU000399,Deborah Young,Advanced Literature,2025-05-01,2024-06-12,,Checked Out,6
CHK000653,BK000522,STU000638,Betty Anderson,Modern Computer Science,2025-07-23,2025-08-29,,Returned,0
CHK000654,BK000124,STU000585,Richard Harris,Principles of Computer Science,2024-05-05,2024-04-25,2025-02-17,Checked Out,0
CHK000655,BK000302,STU000906,Lisa Jackson,Advanced Mathematics,2024-12-20,2024-08-14,,Overdue,0
CHK000656,BK000270,STU000359,Susan Lewis,Modern History,2024-07-15,2024-04-20,2024-11-22,Checked Out,0
CHK000657,BK000345,STU000042,Brian Garcia,Modern Mathematics,2025-10-13,2025-06-05,2025-09-08,Overdue,0
CHK000658,BK000034,STU000973,Patricia Allen,Modern History,2025-10-30,2024-03-04,2024-01-30,Returned,0
CHK000659,BK000901,STU000765,David White,Principles of Mathematics,2025-09-25,2024-02-08,,Returned,0
CHK000660,BK000653,STU000119,Dorothy Clark,Advanced Art,2024-06-09,2024-09-04,2025-01-24,Returned,18
CHK000661,BK000466,STU000159,Dorothy Johnson,Principles of Art,2024-12-14,2025-07-07,,Returned,12
CHK000662,BK000082,STU000429,Betty Sanchez,Advanced History,2025-05-23,2024-04-02,2025-06-09,Overdue,0
CHK000663,BK000176,STU000355,Barbara Wilson,Advanced Science,2025-08-12,2025-09-11,,Checked Out,0
CHK000664,BK000454,STU000808,Robert Jones,Advanced History,2025-07-23,2024-06-02,,Checked Out,0
CHK000665,BK000926,STU000331,Michelle Sanchez,Principles of Science,2025-02-16,2025-11-07,2025-04-20,Overdue,24
CHK000666,BK000741,STU000928,Donna Flores,Principles of Computer Science,2024-07-23,2025-02-28,2024-02-14,Returned,0
CHK000667,BK000195,STU000121,Jessica Wilson,Modern History,2025-10-26,2024-07-26,,Returned,0
CHK000668,BK000841,STU000206,Christopher Hernandez,Principles of Computer Science,2025-04-25,2025-03-12,,Returned,0
CHK000669,BK000435,STU000808,Robert Jones,Advanced Literature,2024-06-01,2024-07-09,2024-06-30,Checked Out,0
CHK000670,BK000665,STU000994,Lisa King,Principles of Science,2024-06-24,2025-04-14,2025-09-20,Returned,0
CHK000671,BK000806,STU000813,Helen Hill,Introduction to Business,2024-11-18,2025-07-05,2024-01-07,Returned,0
CHK000672,BK000618,STU000319,Karen Rodriguez,Principles of Computer Science,2024-03-15,2026-01-13,,Checked Out,0
CHK000673,BK000986,STU000985,Kenneth Wright,Introduction to Art,2025-11-04,2024-06-01,2025-05-15,Overdue,0
CHK000674,BK000656,STU000329,Patricia Hill,Modern Literature,2025-01-14,2025-07-05,2025-04-13,Returned,0
CHK000675,BK000904,STU000458,Christopher Thompson,Principles of Business,2024-06-23,2025-10-17,2024-03-16,Overdue,0
CHK000676,BK000583,STU000074,Nancy Hernandez,Introduction to Literature,2025-05-27,2024-08-10,2025-03-22,Checked Out,2
CHK000677,BK000445,STU000993,Ronald Lewis,Principles of Art,2024-12-14,2026-01-13,2025-03-01,Overdue,0
CHK000678,BK000523,STU000637,Dorothy Davis,Principles of Science,2025-07-26,2025-11-21,2025-11-28,Overdue,14
CHK000679,BK000459,STU000368,Jason Davis,Principles of Science,2025-02-08,2025-10-16,,Overdue,0
CHK000680,BK000695,STU000083,Ronald Hernandez,Principles of Science,2024-01-08,2025-11-27,,Returned,2
CHK000681,BK000842,STU000324,Sarah Taylor,Introduction to Science,2024-08-15,2025-06-18,2024-06-21,Returned,10
CHK000682,BK000985,STU000231,Nancy Flores,Introduction to Art,2024-09-19,2025-03-08,2024-03-23,Overdue,0
CHK000683,BK000034,STU000334,Ruth Williams,Modern History,2024-02-24,2024-12-26,,Checked Out,0
CHK000684,BK000910,STU000144,John Davis,Principles of Art,2024-01-18,2024-11-23,,Overdue,0
CHK000685,BK000293,STU000674,Anthony Allen,Principles of History,2025-10-09,2025-06-15,2025-01-30,Checked Out,0
CHK000686,BK000155,STU000449,Michael Robinson,Principles of Business,2025-08-26,2025-02-07,2024-03-15,Returned,8
CHK000687,BK000935,STU000359,Susan Lewis,Modern History,2025-10-06,2024-10-19,2025-09-25,Overdue,0
CHK000688,BK000317,STU000294,Betty Williams,Modern Literature,2025-04-12,2025-05-17,,Checked Out,0
CHK000689,BK000263,STU000280,John Torres,Modern Mathematics,2025-06-13,2024-11-05,2024-05-13,Checked Out,0
CHK000690,BK000705,STU000867,Jessica Williams,Introduction to Computer Science,2024-05-16,2025-07-28,2025-06-01,Returned,0
CHK000691,BK000489,STU000686,Jeffrey Taylor,Principles of Business,2024-09-07,2025-04-02,2025-07-14,Checked Out,0
CHK000692,BK000588,STU000137,Karen Moore,Modern History,2025-06-07,2025-10-13,2025-05-20,Checked Out,0
CHK000693,BK000834,STU000825,Mary Young,Modern Business,2024-02-03,2024-08-26,2024-07-12,Returned,0
CHK000694,BK000685,STU000689,Elizabeth Nguyen,Principles of Literature,2025-07-13,2024-06-08,2025-06-10,Returned,0
CHK000695,BK000380,STU000376,Sandra Williams,Advanced Literature,2025-04-20,2024-05-05,2025-09-18,Returned,1
CHK000696,BK000163,STU000934,Edward Torres,Principles of History,2025-09-12,2025-09-26,,Overdue,0
CHK000697,BK000441,STU000263,James Ramirez,Advanced Mathematics,2025-08-21,2025-02-15,,Overdue,0
CHK000698,BK000194,STU000749,Sarah Gonzalez,Principles of Art,2025-07-31,2024-09-01,,Overdue,21
CHK000699,BK000472,STU000191,Sarah Clark,Advanced Literature,2024-06-26,2025-08-01,,Checked Out,0
CHK000700,BK000507,STU000916,Ronald Clark,Principles of Art,2024-07-11,2024-03-04,,Returned,0
CHK000701,BK000578,STU000615,Jason Hill,Modern Literature,2025-09-11,2025-07-24,2024-05-07,Returned,0
CHK000702,BK000764,STU000694,Sharon Ramirez,Modern Computer Science,2024-02-20,2025-01-13,2024-05-07,Checked Out,15
CHK000703,BK000740,STU000999,Sarah Hernandez,Principles of Mathematics,2025-08-19,2025-05-27,,Checked Out,0
CHK000704,BK000257,STU000047,Mark Brown,Principles of History,2024-08-16,2024-04-29,2025-09-14,Overdue,0
CHK000705,BK000062,STU000990,Anthony Moore,Introduction to Mathematics,2025-12-12,2024-01-23,2024-01-18,Overdue,20
CHK000706,BK000229,STU000560,Joseph Miller,Modern History,2025-04-30,2025-01-02,2025-08-05,Returned,0
CHK000707,BK000412,STU000748,Barbara Harris,Introduction to History,2024-07-22,2025-01-03,2025-05-06,Checked Out,0
CHK000708,BK000053,STU000321,Kimberly White,Introduction to History,2024-04-14,2024-08-13,2025-03-11,Checked Out,0
CHK000709,BK000481,STU000760,Sarah Torres,Principles of Science,2024-05-10,2024-10-13,2025-03-18,Returned,0
CHK000710,BK000227,STU000451,Jeffrey Scott,Principles of Art,2025-03-09,2024-08-25,2025-10-10,Returned,0
CHK000711,BK000329,STU000175,Daniel Harris,Introduction to Business,2024-06-01,2024-09-29,2024-01-25,Overdue,0
CHK000712,BK000898,STU000167,Sharon Young,Advanced History,2024-09-22,2024-04-15,2025-09-06,Returned,0
CHK000713,BK000237,STU000352,Christopher Clark,Principles of Literature,2024-12-19,2024-09-05,,Overdue,0
CHK000714,BK000302,STU000889,Ruth Williams,Advanced Mathematics,2025-05-07,2024-11-29,2024-09-07,Overdue,0
CHK000715,BK000259,STU000747,Barbara Anderson,Advanced Science,2024-04-01,2025-05-17,2025-05-05,Returned,0
CHK000716,BK000572,STU000919,Richard Wilson,Modern Mathematics,2024-10-09,2024-07-17,2025-04-13,Returned,17
CHK000717,BK000291,STU000178,Sharon Martinez,Advanced Literature,2025-06-24,2025-04-14,2024-11-25,Checked Out,0
CHK000718,BK000804,STU000631,Timothy Jones,Introduction to Science,2024-02-22,2024-01-25,2025-09-19,Returned,0
CHK000719,BK000302,STU000698,Helen Martin,Advanced Mathematics,2025-05-06,2024-05-20,2025-07-02,Overdue,0
CHK000720,BK000033,STU000944,Matthew Johnson,Advanced Art,2025-05-09,2025-04-12,,Overdue,0
CHK000721,BK000328,STU000700,David Lee,Modern Science,2024-02-18,2025-03-21,,Overdue,0
CHK000722,BK000053,STU000478,Steven Lewis,Introduction to History,2025-01-28,2025-07-05,,Checked Out,0
CHK000723,BK000259,STU000647,David King,Advanced Science,2024-11-11,2025-12-31,,Returned,0
CHK000724,BK000093,STU000197,Deborah Williams,Modern Art,2024-07-30,2024-08-05,2024-05-23,Overdue,0
CHK000725,BK000984,STU000083,Ronald Hernandez,Introduction to Science,2024-06-10,2025-10-07,2025-05-11,Overdue,0
CHK000726,BK000383,STU000932,Timothy Walker,Advanced Art,2025-10-09,2024-09-20,,Returned,0
CHK000727,BK000316,STU000551,Patricia White,Advanced History,2025-12-20,2025-04-28,2025-11-08,Overdue,0
CHK000728,BK000670,STU000704,Christopher Torres,Advanced Business,2025-05-17,2025-05-13,2025-12-29,Checked Out,15
CHK000729,BK000841,STU000656,Nancy Lee,Principles of Computer Science,2024-03-31,2025-01-19,2025-11-10,Checked Out,0
CHK000730,BK000776,STU000992,Dorothy Clark,Introduction to Art,2024-07-08,2025-05-17,2024-01-25,Returned,0
CHK000731,BK000374,STU000803,Dorothy Miller,Modern Computer Science,2025-04-09,2024-04-28,,Checked Out,0
CHK000732,BK000678,STU000112,Helen Jackson,Introduction to Science,2025-11-18,2024-03-28,2024-03-21,Overdue,0
CHK000733,BK000584,STU000688,Kimberly Jackson,Advanced Literature,2025-02-10,2024-05-01,2024-05-13,Checked Out,0
CHK000734,BK000334,STU000700,David Lee,Introduction to Computer Science,2024-01-20,2024-03-20,,Overdue,0
CHK000735,BK000303,STU000692,George Thomas,Principles of Computer Science,2024-07-29,2025-09-28,,Returned,22
CHK000736,BK000798,STU000358,Paul Sanchez,Principles of Art,2024-02-20,2025-06-20,2024-02-28,Returned,0
CHK000737,BK000510,STU000504,Thomas Harris,Introduction to Science,2024-11-11,2025-11-29,2024-11-23,Returned,0
CHK000738,BK000970,STU000009,Patricia Thomas,Advanced Science,2024-04-20,2025-04-26,,Returned,0
CHK000739,BK000926,STU000337,Nancy Nguyen,Principles of Science,2025-08-13,2024-08-16,,Overdue,0
CHK000740,BK000394,STU000671,Edward Flores,Introduction to Computer Science,2025-06-15,2024-06-17,2025-03-30,Returned,8
CHK000741,BK000977,STU000354,Matthew Jackson,Modern Science,2025-12-16,2024-04-26,2024-08-13,Checked Out,19
CHK000742,BK000388,STU000235,John Wilson,Principles of Science,2024-12-24,2024-04-24,2024-07-07,Overdue,0
CHK000743,BK000764,STU000586,George Perez,Modern Computer Science,2025-09-10,2024-10-05,2024-12-09,Overdue,0
CHK000744,BK000988,STU000442,Nancy Garcia,Principles of History,2025-11-18,2024-06-13,2025-01-07,Returned,0
CHK000745,BK000676,STU000890,Patricia Moore,Advanced Art,2024-08-01,2025-01-02,2024-12-30,Overdue,0
CHK000746,BK000022,STU000221,Linda Harris,Modern Literature,2025-01-03,2024-07-11,2025-10-01,Overdue,0
CHK000747,BK000250,STU000483,Edward Martinez,Introduction to Business,2024-09-01,2025-04-17,2024-07-16,Overdue,0
CHK000748,BK000147,STU000807,William Hill,Introduction to History,2024-03-27,2024-05-05,,Returned,0
CHK000749,BK000096,STU000617,Linda Williams,Modern History,2024-12-17,2024-08-10,,Returned,0
CHK000750,BK000467,STU000286,Patricia Robinson,Advanced Art,2024-01-18,2025-12-24,2024-07-23,Overdue,0
CHK000751,BK000014,STU000198,Steven Rodriguez,Principles of Mathematics,2024-11-27,2024-06-12,,Returned,0
CHK000752,BK000569,STU000311,Michael Harris,Modern Business,2024-03-12,2024-09-14,,Overdue,13
CHK000753,BK000754,STU000674,Anthony Allen,Modern Mathematics,2025-07-22,2024-07-17,2024-07-16,Checked Out,4
CHK000754,BK000052,STU000798,Donald Wright,Introduction to Art,2025-04-15,2024-01-27,,Checked Out,0
CHK000755,BK000020,STU000057,Jennifer Jackson,Principles of Science,2025-04-14,2025-07-31,,Overdue,0
CHK000756,BK000804,STU000687,Ronald Thomas,Introduction to Science,2025-12-02,2024-02-12,2025-10-28,Returned,0
CHK000757,BK000013,STU000481,Jessica Walker,Principles of Art,2025-12-30,2024-06-08,2025-08-13,Returned,0
CHK000758,BK000181,STU000132,Helen Jones,Introduction to Business,2025-10-18,2024-04-20,2025-09-13,Checked Out,0
CHK000759,BK000400,STU000284,Richard White,Introduction to Science,2024-11-29,2025-01-26,2025-03-02,Returned,0
CHK000760,BK000281,STU000610,Carol Moore,Principles of Art,2025-04-08,2024-02-02,,Checked Out,0
CHK000761,BK000566,STU000984,Helen Lee,Introduction to Computer Science,2024-05-23,2025-10-26,,Overdue,0
CHK000762,BK000602,STU000020,Lisa Williams,Introduction to Literature,2025-06-04,2024-12-19,2024-09-16,Checked Out,0
CHK000763,BK000269,STU000909,Betty Johnson,Advanced Art,2025-08-14,2024-03-24,,Overdue,0
CHK000764,BK000310,STU000014,Helen Scott,Advanced Mathematics,2025-09-07,2025-02-06,,Checked Out,0
CHK000765,BK000603,STU000413,David Jackson,Principles of Art,2025-07-22,2025-03-20,2025-05-26,Returned,0
CHK000766,BK000378,STU000278,Kenneth Johnson,Modern Computer Science,2024-06-30,2025-08-11,,Overdue,14
CHK000767,BK000266,STU000888,Betty Harris,Advanced Computer Science,2024-04-06,2024-06-23,,Returned,0
CHK000768,BK000661,STU000070,Ryan Brown,Advanced Business,2024-07-28,2025-09-30,2024-04-11,Returned,0
CHK000769,BK000658,STU000733,Elizabeth Smith,Introduction to Art,2025-12-05,2025-05-25,,Overdue,0
CHK000770,BK000648,STU000640,Michael Nguyen,Modern Mathematics,2024-09-20,2025-02-02,,Returned,0
CHK000771,BK000871,STU000472,Laura Flores,Introduction to Science,2024-06-20,2024-06-02,2025-02-25,Overdue,19
CHK000772,BK000535,STU000960,Linda White,Advanced Business,2025-01-29,2025-06-29,,Overdue,16
CHK000773,BK000735,STU000353,Sharon Perez,Introduction to Literature,2024-01-18,2025-02-02,2024-06-05,Overdue,0
CHK000774,BK000073,STU000050,Karen Martinez,Advanced Literature,2024-03-25,2025-09-15,2024-04-22,Checked Out,0
CHK000775,BK000300,STU000470,Richard Garcia,Advanced Computer Science,2024-07-14,2025-09-02,2024-09-18,Overdue,0
CHK000776,BK000189,STU000002,Ruth Gonzalez,Principles of Business,2025-10-28,2024-04-25,,Returned,0
CHK000777,BK000291,STU000002,Ruth Gonzalez,Advanced Literature,2024-09-25,2025-07-16,2025-01-18,Overdue,0
CHK000778,BK000405,STU000682,Mark Gonzalez,Introduction to Art,2024-07-14,2024-09-24,2025-06-29,Returned,0
CHK000779,BK000797,STU000623,Dorothy Clark,Advanced History,2025-10-01,2024-05-16,2025-08-13,Checked Out,0
CHK000780,BK000220,STU000874,Ronald Thomas,Introduction to Literature,2024-04-04,2025-01-26,2024-05-15,Returned,0
CHK000781,BK000894,STU000889,Ruth Williams,Modern Art,2024-09-23,2024-06-15,2024-08-14,Overdue,0
CHK000782,BK000075,STU000885,Daniel Hernandez,Introduction to Business,2024-11-18,2025-09-16,2024-10-12,Returned,0
CHK000783,BK000094,STU000853,Robert Moore,Advanced History,2024-11-28,2025-09-10,2025-12-18,Overdue,5
CHK000784,BK000349,STU000538,Patricia Rodriguez,Introduction to Mathematics,2025-10-24,2025-11-27,2025-04-03,Overdue,0
CHK000785,BK000074,STU000319,Karen Rodriguez,Advanced Art,2024-01-26,2025-09-22,2024-05-22,Overdue,0
CHK000786,BK000237,STU000085,Timothy Hill,Principles of Literature,2024-01-12,2026-01-13,,Returned,0
CHK000787,BK000581,STU000711,Timothy Lee,Modern History,2025-07-23,2025-11-12,2024-05-01,Checked Out,13
CHK000788,BK000353,STU000483,Edward Martinez,Principles of Science,2025-09-12,2025-09-18,2025-07-08,Checked Out,0
CHK000789,BK000637,STU000161,Dorothy Clark,Principles of Computer Science,2025-04-28,2025-10-18,,Returned,23
CHK000790,BK000538,STU000051,Anthony Martinez,Principles of Business,2025-04-17,2025-04-19,,Overdue,0
CHK000791,BK000348,STU000958,George White,Modern Art,2025-11-19,2025-11-29,2025-05-31,Returned,0
CHK000792,BK000620,STU000624,David Davis,Principles of Literature,2025-06-16,2024-03-22,2024-12-03,Overdue,0
CHK000793,BK000871,STU000796,Jason Anderson,Introduction to Science,2024-06-30,2025-02-09,2024-05-26,Returned,0
CHK000794,BK000711,STU000934,Edward Torres,Modern Mathematics,2024-08-20,2024-12-01,2024-03-28,Checked Out,0
CHK000795,BK000036,STU000885,Daniel Hernandez,Modern Science,2025-06-20,2024-08-13,2025-05-01,Returned,0
CHK000796,BK000857,STU000331,Michelle Sanchez,Introduction to Business,2025-03-30,2025-08-28,2024-08-21,Overdue,0
CHK000797,BK000400,STU000689,Elizabeth Nguyen,Introduction to Science,2025-06-04,2024-08-31,2024-01-21,Overdue,0
CHK000798,BK000228,STU000195,Sandra Martin,Introduction to Business,2025-01-02,2024-09-03,,Overdue,0
CHK000799,BK000063,STU000811,Jeffrey Jones,Advanced Business,2025-08-04,2024-04-07,2025-11-10,Returned,0
CHK000800,BK000686,STU000361,Ruth Robinson,Principles of Art,2024-08-08,2024-08-14,2024-07-26,Overdue,0
