permit_id,owner_id,owner_type,license_plate,vehicle_make,vehicle_model,vehicle_year,vehicle_type,permit_type,lot_assigned,issue_date,expiry_date,cost,status
PKG000001,STU000203,Student,BBY-5979,Toyota,Camry,2014,SUV,Monthly,Lot C - Visitor,2024-07-15,2026-02-12,50,Active
PKG000002,STU000516,Student,ACZ-4910,Chevrolet,Malibu,2020,Truck,Semester,Lot B - Faculty,2025-11-16,2025-05-12,200,Expired
PKG000003,STU000559,Student,BBX-5782,Ford,Altima,2020,Car,Semester,Lot D - Commuter,2025-07-08,2026-10-18,200,Active
PKG000004,STU000385,Student,BCY-2680,Toyota,Malibu,2023,Motorcycle,Monthly,Lot D - Commuter,2024-08-16,2026-08-31,50,Active
PKG000005,STU000303,Student,CDZ-6791,Toyota,Camry,2016,Truck,Annual,Lot D - Commuter,2024-05-09,2024-12-02,200,Expired
PKG000006,STF000045,Staff,ADZ-7024,Nissan,Civic,2017,Car,Monthly,Lot B - Faculty,2025-09-19,2026-09-17,100,Active
PKG000007,STF000032,Staff,CDZ-3521,Chevrolet,Altima,2021,Motorcycle,Annual,Lot B - Faculty,2025-06-12,2024-10-14,50,Active
PKG000008,STF000037,Staff,CCY-4599,Honda,F-150,2014,SUV,Semester,Lot C - Visitor,2024-07-28,2024-05-02,200,Active
PKG000009,FAC000061,Faculty,ADX-9155,Ford,Altima,2015,Truck,Semester,Lot D - Commuter,2025-09-25,2025-05-20,50,Expired
PKG000010,STF000033,Staff,CDY-1989,Honda,Civic,2017,Motorcycle,Semester,Lot B - Faculty,2025-03-24,2025-12-05,200,Active
PKG000011,STF000009,Staff,BCY-6194,Chevrolet,Camry,2024,Truck,Annual,Lot C - Visitor,2024-10-28,2024-07-26,50,Active
PKG000012,FAC000008,Faculty,CDY-3575,Toyota,Camry,2014,Motorcycle,Semester,Lot A - Student,2024-11-17,2025-07-31,100,Active
PKG000013,STU000507,Student,CCX-4378,Nissan,F-150,2019,Car,Semester,Lot A - Student,2024-09-25,2025-09-07,50,Active
PKG000014,STU000785,Student,ABX-2459,Toyota,F-150,2012,Truck,Semester,Lot B - Faculty,2024-04-24,2024-05-24,100,Expired
PKG000015,STF000050,Staff,CDZ-2920,Ford,Malibu,2024,Truck,Annual,Lot D - Commuter,2025-09-22,2025-06-29,100,Expired
PKG000016,STU000328,Student,CCZ-8673,Honda,Malibu,2024,SUV,Annual,Lot A - Student,2024-12-16,2026-02-16,200,Active
PKG000017,FAC000023,Faculty,CDY-7597,Chevrolet,Malibu,2023,Car,Monthly,Lot C - Visitor,2024-05-09,2026-11-21,50,Active
PKG000018,FAC000013,Faculty,ACZ-9272,Ford,Malibu,2023,Motorcycle,Annual,Lot C - Visitor,2025-10-22,2026-04-01,200,Active
PKG000019,STU000170,Student,CBY-7022,Honda,Malibu,2023,Motorcycle,Monthly,Lot D - Commuter,2024-11-18,2025-06-15,50,Active
PKG000020,STF000049,Staff,BCY-3653,Toyota,Camry,2020,SUV,Semester,Lot D - Commuter,2025-05-17,2024-07-19,200,Active
PKG000021,FAC000006,Faculty,CDX-9532,Honda,Civic,2020,Truck,Monthly,Lot C - Visitor,2024-02-05,2026-10-29,200,Expired
PKG000022,STU000897,Student,ABY-5816,Honda,Civic,2012,Truck,Monthly,Lot A - Student,2025-09-06,2025-01-25,100,Expired
PKG000023,STU000268,Student,ACZ-2772,Ford,Malibu,2019,SUV,Semester,Lot C - Visitor,2024-07-18,2024-08-13,200,Active
PKG000024,FAC000062,Faculty,CDY-2820,Toyota,Camry,2017,Motorcycle,Monthly,Lot D - Commuter,2024-06-04,2025-03-27,100,Active
PKG000025,STU000245,Student,CBX-1778,Chevrolet,Altima,2018,Truck,Semester,Lot C - Visitor,2025-08-20,2024-12-23,200,Active
PKG000026,STU000242,Student,CDX-4807,Ford,F-150,2018,Car,Semester,Lot A - Student,2025-05-18,2026-12-30,100,Expired
PKG000027,FAC000021,Faculty,BCX-8876,Ford,F-150,2012,Car,Annual,Lot C - Visitor,2024-11-01,2024-08-03,200,Active
PKG000028,STF000037,Staff,CDX-4378,Nissan,F-150,2018,Car,Semester,Lot D - Commuter,2024-07-09,2025-07-19,50,Active
PKG000029,STU000932,Student,BCX-9258,Chevrolet,F-150,2017,Car,Semester,Lot C - Visitor,2024-02-06,2026-08-18,100,Active
PKG000030,STU000179,Student,BCZ-8508,Nissan,Altima,2016,Truck,Semester,Lot C - Visitor,2024-07-29,2024-01-27,200,Active
PKG000031,STU000846,Student,BCX-8900,Ford,Malibu,2014,SUV,Annual,Lot B - Faculty,2025-01-14,2025-03-03,50,Active
PKG000032,STF000004,Staff,ABX-8610,Ford,Malibu,2022,SUV,Monthly,Lot B - Faculty,2024-04-15,2024-02-03,50,Active
PKG000033,FAC000029,Faculty,BDY-1463,Nissan,Civic,2021,Motorcycle,Semester,Lot B - Faculty,2025-10-05,2026-08-05,200,Expired
PKG000034,STU000868,Student,ABY-9983,Chevrolet,Malibu,2018,Car,Semester,Lot A - Student,2024-01-25,2026-10-15,100,Active
PKG000035,STU000271,Student,BBY-8603,Toyota,Malibu,2023,Motorcycle,Semester,Lot B - Faculty,2025-12-27,2025-11-20,50,Expired
PKG000036,STU000411,Student,CBX-9371,Honda,Camry,2023,Motorcycle,Semester,Lot B - Faculty,2025-04-21,2026-01-06,50,Active
PKG000037,STU000409,Student,ACY-9531,Nissan,Altima,2017,SUV,Annual,Lot A - Student,2024-03-10,2024-08-25,100,Expired
PKG000038,STU000732,Student,CBY-4486,Nissan,F-150,2024,SUV,Semester,Lot A - Student,2024-07-08,2024-02-22,200,Active
PKG000039,STU000046,Student,ADY-5241,Nissan,Civic,2015,Car,Monthly,Lot A - Student,2025-03-16,2026-03-05,50,Active
PKG000040,FAC000026,Faculty,ADX-2113,Toyota,Malibu,2024,SUV,Semester,Lot D - Commuter,2024-06-06,2024-05-28,100,Active
PKG000041,STU000867,Student,ACY-4026,Nissan,Camry,2018,Truck,Semester,Lot A - Student,2024-08-25,2025-05-23,100,Active
PKG000042,STF000039,Staff,ABY-3527,Nissan,F-150,2016,Car,Semester,Lot A - Student,2025-07-14,2025-08-30,50,Active
PKG000043,FAC000099,Faculty,ADY-5881,Honda,F-150,2021,Motorcycle,Semester,Lot C - Visitor,2024-04-26,2026-09-30,200,Active
PKG000044,STU000067,Student,BDY-6840,Nissan,Malibu,2018,Truck,Monthly,Lot A - Student,2024-07-20,2026-11-17,100,Active
PKG000045,STF000015,Staff,CCX-1551,Nissan,Malibu,2012,Motorcycle,Annual,Lot B - Faculty,2025-07-21,2026-01-03,200,Active
PKG000046,STU000798,Student,BBX-4176,Nissan,F-150,2015,Car,Annual,Lot B - Faculty,2024-04-09,2024-01-22,100,Active
PKG000047,STU000926,Student,CBZ-2577,Chevrolet,Camry,2017,Car,Annual,Lot C - Visitor,2025-09-14,2026-08-03,100,Expired
PKG000048,STU000888,Student,CDX-1669,Chevrolet,Camry,2022,SUV,Annual,Lot D - Commuter,2025-01-27,2026-08-09,100,Active
PKG000049,STF000038,Staff,ACZ-1045,Toyota,Civic,2022,Truck,Annual,Lot C - Visitor,2024-05-15,2025-10-04,200,Active
PKG000050,STU000264,Student,CCZ-4777,Nissan,Malibu,2018,Car,Semester,Lot C - Visitor,2025-01-07,2026-09-13,50,Active
PKG000051,STU000529,Student,CDZ-3892,Ford,Altima,2015,Car,Monthly,Lot D - Commuter,2024-05-10,2026-06-20,100,Expired
PKG000052,STU000192,Student,ACY-9032,Ford,Malibu,2023,Car,Annual,Lot A - Student,2024-02-05,2024-04-21,200,Expired
PKG000053,STU000370,Student,ACY-6143,Ford,Camry,2014,Truck,Annual,Lot A - Student,2024-02-23,2025-12-19,50,Active
PKG000054,STU000477,Student,CCZ-9421,Ford,F-150,2013,Motorcycle,Semester,Lot B - Faculty,2024-10-07,2024-01-11,200,Expired
PKG000055,STU000740,Student,BCY-2102,Nissan,Camry,2017,Motorcycle,Annual,Lot C - Visitor,2025-05-12,2026-04-29,200,Active
PKG000056,STU000404,Student,ADY-6885,Nissan,Camry,2022,Motorcycle,Semester,Lot B - Faculty,2025-10-19,2024-05-22,100,Active
PKG000057,STF000029,Staff,BCX-2368,Ford,Camry,2023,Car,Monthly,Lot D - Commuter,2025-06-07,2025-04-23,200,Expired
PKG000058,FAC000069,Faculty,CBX-8934,Chevrolet,F-150,2022,SUV,Annual,Lot A - Student,2025-02-20,2025-12-05,50,Active
PKG000059,STU000782,Student,ADX-6854,Chevrolet,Malibu,2018,SUV,Semester,Lot A - Student,2024-01-13,2026-10-25,100,Active
PKG000060,STU000994,Student,ADX-1917,Honda,Malibu,2016,Truck,Monthly,Lot D - Commuter,2025-11-30,2024-08-14,100,Active
PKG000061,STU000653,Student,BBZ-3122,Ford,Camry,2023,Car,Semester,Lot A - Student,2025-09-05,2026-07-06,50,Expired
PKG000062,STU000627,Student,ADY-1499,Chevrolet,Civic,2014,Car,Semester,Lot B - Faculty,2024-06-23,2025-05-18,100,Active
PKG000063,STU000510,Student,ADY-1014,Ford,Camry,2024,Truck,Semester,Lot D - Commuter,2025-09-20,2026-12-26,200,Active
PKG000064,STU000735,Student,CBX-9036,Chevrolet,Camry,2020,Truck,Annual,Lot B - Faculty,2025-04-26,2026-01-16,50,Active
PKG000065,FAC000020,Faculty,BCX-5440,Nissan,Malibu,2020,Motorcycle,Monthly,Lot A - Student,2024-04-06,2026-05-26,200,Active
PKG000066,STU000227,Student,ADZ-6685,Nissan,Altima,2015,Motorcycle,Monthly,Lot A - Student,2025-02-01,2026-05-07,200,Expired
PKG000067,STU000158,Student,ADX-2340,Toyota,F-150,2016,Motorcycle,Monthly,Lot C - Visitor,2024-04-23,2024-10-11,100,Active
PKG000068,STF000016,Staff,BBZ-6015,Toyota,Malibu,2022,Truck,Annual,Lot D - Commuter,2024-12-13,2024-10-02,50,Expired
PKG000069,STU000619,Student,CDY-6611,Nissan,Malibu,2015,Truck,Semester,Lot C - Visitor,2025-03-21,2026-04-12,100,Active
PKG000070,FAC000099,Faculty,ABY-7292,Toyota,F-150,2014,Motorcycle,Monthly,Lot B - Faculty,2025-12-24,2024-12-21,200,Active
PKG000071,STU000969,Student,BBX-2703,Toyota,Malibu,2021,Motorcycle,Semester,Lot C - Visitor,2024-12-30,2026-04-21,200,Active
PKG000072,STU000363,Student,CCZ-1252,Honda,Malibu,2015,Car,Semester,Lot A - Student,2024-02-05,2026-10-07,200,Active
PKG000073,STU000494,Student,BDZ-3941,Nissan,F-150,2024,Car,Semester,Lot D - Commuter,2024-12-30,2026-07-29,50,Active
PKG000074,STU000409,Student,BCX-4322,Ford,Civic,2014,SUV,Annual,Lot C - Visitor,2025-02-26,2026-04-30,200,Expired
PKG000075,STU000493,Student,CCZ-4158,Honda,F-150,2016,Motorcycle,Semester,Lot D - Commuter,2024-05-25,2025-02-19,200,Active
PKG000076,STU000502,Student,CCZ-3605,Toyota,Malibu,2022,Truck,Monthly,Lot C - Visitor,2025-02-04,2026-07-11,100,Active
PKG000077,STU000266,Student,ADY-3093,Nissan,F-150,2023,Motorcycle,Annual,Lot D - Commuter,2025-07-20,2025-12-19,50,Active
PKG000078,STU000546,Student,CBY-4538,Nissan,F-150,2018,Car,Annual,Lot B - Faculty,2024-02-06,2024-09-27,100,Active
PKG000079,STF000022,Staff,CDY-3630,Toyota,Camry,2014,Car,Semester,Lot C - Visitor,2025-12-08,2026-05-12,100,Active
PKG000080,STU000497,Student,CDY-5044,Nissan,Camry,2015,Motorcycle,Monthly,Lot D - Commuter,2024-06-10,2026-11-16,100,Active
PKG000081,STU000745,Student,ADX-2146,Nissan,Malibu,2018,Motorcycle,Semester,Lot B - Faculty,2025-08-26,2025-08-04,50,Expired
PKG000082,STU000132,Student,ADZ-4103,Toyota,Civic,2016,SUV,Semester,Lot B - Faculty,2024-06-10,2026-07-28,50,Active
PKG000083,STU000794,Student,BDX-6849,Nissan,F-150,2016,SUV,Annual,Lot D - Commuter,2025-05-09,2025-07-03,200,Active
PKG000084,FAC000054,Faculty,CBX-5363,Chevrolet,Civic,2016,Motorcycle,Semester,Lot A - Student,2024-02-21,2026-08-03,50,Active
PKG000085,STU000363,Student,ABX-5276,Nissan,Altima,2017,Motorcycle,Semester,Lot A - Student,2024-02-28,2026-01-16,50,Expired
PKG000086,FAC000017,Faculty,ABX-6123,Honda,F-150,2015,Truck,Monthly,Lot B - Faculty,2025-05-10,2024-12-08,50,Expired
PKG000087,STU000872,Student,ADY-5088,Honda,Altima,2013,Truck,Annual,Lot C - Visitor,2025-07-09,2024-09-11,100,Active
PKG000088,STU000579,Student,ACZ-1415,Ford,Altima,2018,Car,Monthly,Lot A - Student,2025-10-27,2025-12-15,200,Active
PKG000089,STU000388,Student,CCX-9991,Ford,Malibu,2023,Car,Monthly,Lot A - Student,2025-03-17,2024-08-12,200,Expired
PKG000090,STF000016,Staff,ACZ-3505,Toyota,Malibu,2019,Car,Monthly,Lot D - Commuter,2024-12-27,2025-08-15,50,Active
PKG000091,FAC000002,Faculty,ADY-8057,Toyota,Malibu,2018,Truck,Semester,Lot C - Visitor,2025-09-10,2025-12-26,100,Expired
PKG000092,STU000889,Student,ABX-1530,Ford,Civic,2022,SUV,Semester,Lot A - Student,2025-04-12,2026-04-10,100,Expired
PKG000093,STU000130,Student,BDX-9895,Toyota,Camry,2022,SUV,Semester,Lot D - Commuter,2024-09-14,2026-04-04,50,Active
PKG000094,STF000021,Staff,CCY-9937,Honda,Altima,2019,Truck,Monthly,Lot A - Student,2025-06-14,2026-03-03,100,Active
PKG000095,STF000040,Staff,ACZ-8590,Toyota,Civic,2012,Motorcycle,Annual,Lot D - Commuter,2025-11-24,2024-08-09,100,Active
PKG000096,STU000439,Student,BCX-8075,Honda,Altima,2021,SUV,Monthly,Lot C - Visitor,2024-02-24,2024-10-21,50,Active
PKG000097,STU000250,Student,CBZ-3504,Ford,Civic,2019,SUV,Semester,Lot D - Commuter,2024-04-02,2024-10-16,100,Expired
PKG000098,FAC000096,Faculty,ADZ-4908,Ford,Camry,2019,Car,Monthly,Lot D - Commuter,2025-01-14,2025-06-26,100,Active
PKG000099,STU000264,Student,ADX-2176,Ford,Malibu,2018,Motorcycle,Monthly,Lot D - Commuter,2025-01-02,2024-03-14,50,Active
PKG000100,STU000208,Student,CBY-9836,Chevrolet,Civic,2013,SUV,Monthly,Lot A - Student,2024-03-04,2024-03-08,100,Active
PKG000101,STU000383,Student,BBY-2853,Ford,Altima,2021,Truck,Semester,Lot A - Student,2024-07-09,2025-12-28,200,Expired
PKG000102,STU000672,Student,BDX-6090,Toyota,Camry,2012,Car,Semester,Lot C - Visitor,2025-12-22,2024-11-17,50,Expired
PKG000103,STF000001,Staff,CCY-2899,Chevrolet,Camry,2012,Truck,Semester,Lot B - Faculty,2025-10-06,2024-09-28,200,Active
PKG000104,STU000855,Student,BBZ-1010,Toyota,Malibu,2022,Motorcycle,Annual,Lot A - Student,2025-01-11,2026-05-20,100,Active
PKG000105,STF000032,Staff,ADZ-4067,Nissan,Altima,2023,Truck,Monthly,Lot D - Commuter,2025-08-18,2024-05-09,50,Active
PKG000106,STU000905,Student,BCZ-2906,Ford,Malibu,2019,SUV,Semester,Lot B - Faculty,2025-11-02,2025-02-14,200,Active
PKG000107,STF000028,Staff,ABY-8659,Nissan,Camry,2013,Truck,Monthly,Lot B - Faculty,2025-02-21,2026-04-13,100,Active
PKG000108,STU000606,Student,ACY-7134,Nissan,Camry,2014,Truck,Semester,Lot D - Commuter,2025-11-04,2025-06-07,200,Active
PKG000109,STU000258,Student,ABY-6932,Honda,Civic,2015,Car,Annual,Lot A - Student,2024-08-30,2026-02-09,50,Active
PKG000110,STU000338,Student,BBX-8522,Toyota,Civic,2019,SUV,Semester,Lot A - Student,2024-06-23,2025-04-25,200,Active
PKG000111,STU000166,Student,BBZ-5322,Toyota,F-150,2012,Motorcycle,Semester,Lot B - Faculty,2025-07-01,2025-01-05,200,Expired
PKG000112,STU000448,Student,ADZ-7859,Chevrolet,Malibu,2014,SUV,Monthly,Lot B - Faculty,2025-08-06,2024-11-28,100,Active
PKG000113,STF000045,Staff,ACZ-4918,Toyota,Camry,2015,Car,Annual,Lot C - Visitor,2024-09-04,2024-07-05,100,Expired
PKG000114,STU000378,Student,BBZ-9071,Honda,Altima,2016,Motorcycle,Annual,Lot C - Visitor,2025-08-15,2026-08-27,50,Expired
PKG000115,STU000229,Student,CDY-8929,Ford,Malibu,2023,SUV,Semester,Lot B - Faculty,2024-11-11,2025-01-03,50,Active
PKG000116,FAC000044,Faculty,CDX-2699,Ford,Camry,2024,Truck,Monthly,Lot D - Commuter,2024-05-22,2024-09-06,200,Expired
PKG000117,STF000005,Staff,ADZ-9070,Honda,Civic,2013,Motorcycle,Monthly,Lot A - Student,2024-03-11,2026-11-10,50,Active
PKG000118,FAC000057,Faculty,BBX-2037,Ford,Camry,2021,Truck,Annual,Lot B - Faculty,2024-03-01,2026-02-25,50,Expired
PKG000119,FAC000096,Faculty,ABX-8930,Chevrolet,Altima,2012,SUV,Monthly,Lot C - Visitor,2024-04-24,2025-03-02,50,Active
PKG000120,FAC000056,Faculty,BCY-3595,Toyota,Camry,2019,SUV,Annual,Lot B - Faculty,2025-07-17,2025-12-20,50,Active
PKG000121,STU000699,Student,BCX-8117,Ford,Civic,2019,SUV,Monthly,Lot D - Commuter,2024-02-04,2026-11-30,100,Active
PKG000122,STU000798,Student,CCX-4705,Toyota,Civic,2024,Motorcycle,Annual,Lot C - Visitor,2025-09-08,2024-03-29,50,Expired
PKG000123,STU000357,Student,CDZ-2112,Nissan,F-150,2022,Motorcycle,Annual,Lot A - Student,2025-03-25,2026-12-09,200,Active
PKG000124,STF000024,Staff,BDZ-5590,Nissan,Civic,2021,SUV,Semester,Lot B - Faculty,2025-04-11,2026-01-05,200,Active
PKG000125,STF000031,Staff,BDX-8628,Ford,Malibu,2016,Car,Semester,Lot A - Student,2025-09-11,2024-05-14,50,Active
PKG000126,STF000037,Staff,CBY-2878,Ford,Altima,2021,Car,Monthly,Lot A - Student,2024-07-07,2026-12-03,200,Active
PKG000127,STU000212,Student,BDX-8338,Honda,Malibu,2012,Car,Annual,Lot B - Faculty,2025-02-07,2025-03-17,100,Active
PKG000128,FAC000040,Faculty,CDY-6854,Chevrolet,F-150,2018,Motorcycle,Monthly,Lot D - Commuter,2025-10-30,2025-08-29,200,Active
PKG000129,STU000910,Student,ABX-2090,Ford,Camry,2012,Truck,Monthly,Lot D - Commuter,2025-10-28,2025-03-04,200,Active
PKG000130,STU000144,Student,ABY-4927,Honda,Civic,2020,Truck,Annual,Lot D - Commuter,2025-06-27,2026-01-17,100,Active
PKG000131,FAC000008,Faculty,CBY-6059,Ford,Altima,2016,Car,Annual,Lot D - Commuter,2024-09-09,2026-06-13,200,Active
PKG000132,STU000876,Student,BCZ-7476,Ford,Malibu,2020,Car,Semester,Lot B - Faculty,2024-02-27,2025-11-16,100,Active
PKG000133,STU000157,Student,ACZ-9969,Toyota,Camry,2021,Car,Monthly,Lot A - Student,2025-10-30,2025-01-20,200,Expired
PKG000134,STU000013,Student,BCX-3801,Ford,Malibu,2022,SUV,Annual,Lot D - Commuter,2024-06-19,2025-07-12,200,Active
PKG000135,STU000066,Student,ABY-2201,Toyota,Altima,2013,Truck,Annual,Lot D - Commuter,2025-10-11,2024-09-11,100,Active
PKG000136,STU000448,Student,BBY-7922,Toyota,Altima,2014,Car,Semester,Lot C - Visitor,2025-11-07,2024-04-17,100,Active
PKG000137,FAC000036,Faculty,BCX-7439,Honda,Civic,2015,Truck,Semester,Lot D - Commuter,2025-01-20,2025-08-06,200,Active
PKG000138,STU000528,Student,ACZ-9995,Nissan,Malibu,2015,Motorcycle,Semester,Lot B - Faculty,2024-06-02,2026-12-09,100,Active
PKG000139,STU000825,Student,CBX-7986,Ford,Malibu,2023,Car,Annual,Lot C - Visitor,2025-01-14,2026-06-17,50,Active
PKG000140,STU000296,Student,ACZ-7622,Honda,F-150,2022,SUV,Annual,Lot D - Commuter,2025-09-21,2025-08-08,100,Expired
PKG000141,STU000700,Student,CDZ-1092,Chevrolet,Malibu,2017,Truck,Annual,Lot B - Faculty,2024-03-16,2024-07-23,100,Expired
PKG000142,STU000831,Student,BCZ-1862,Honda,Civic,2012,Truck,Monthly,Lot B - Faculty,2024-04-25,2025-01-31,100,Active
PKG000143,STF000049,Staff,BCY-4957,Toyota,Camry,2018,Car,Monthly,Lot D - Commuter,2025-10-06,2024-03-18,200,Active
PKG000144,STU000844,Student,CBZ-6120,Chevrolet,F-150,2024,Motorcycle,Monthly,Lot A - Student,2025-06-14,2024-03-01,50,Active
PKG000145,STU000409,Student,BBY-1214,Chevrolet,Camry,2012,SUV,Monthly,Lot A - Student,2024-03-13,2024-01-23,50,Active
PKG000146,STF000016,Staff,ACZ-4820,Ford,Camry,2012,Truck,Monthly,Lot B - Faculty,2025-06-08,2024-11-01,200,Active
PKG000147,STF000037,Staff,ADY-8952,Ford,Malibu,2024,Motorcycle,Annual,Lot B - Faculty,2024-10-04,2025-01-12,200,Active
PKG000148,STU000220,Student,ACZ-8909,Chevrolet,F-150,2024,Truck,Annual,Lot D - Commuter,2024-08-01,2025-05-17,200,Active
PKG000149,STU000908,Student,ADZ-8834,Honda,Civic,2019,Motorcycle,Monthly,Lot A - Student,2025-10-17,2025-10-18,50,Expired
PKG000150,STU000349,Student,CDY-1091,Ford,Camry,2021,SUV,Semester,Lot D - Commuter,2025-10-27,2024-06-09,200,Active
PKG000151,STU000199,Student,ADY-6523,Nissan,Malibu,2014,Car,Semester,Lot A - Student,2024-08-13,2026-01-09,50,Active
PKG000152,FAC000090,Faculty,BDZ-8929,Chevrolet,Malibu,2023,Truck,Semester,Lot C - Visitor,2024-01-03,2025-05-18,50,Expired
PKG000153,STU000987,Student,BCZ-2598,Honda,Camry,2018,Motorcycle,Semester,Lot B - Faculty,2025-06-08,2026-03-14,200,Expired
PKG000154,STU000711,Student,ACX-5477,Honda,Civic,2014,Car,Semester,Lot D - Commuter,2025-11-25,2025-01-16,50,Active
PKG000155,STU000780,Student,BBZ-8323,Nissan,Malibu,2020,SUV,Monthly,Lot D - Commuter,2024-03-03,2025-10-21,100,Active
PKG000156,STU000477,Student,BCY-4399,Toyota,Malibu,2017,Truck,Semester,Lot D - Commuter,2025-11-09,2025-11-04,200,Active
PKG000157,FAC000009,Faculty,CBY-3071,Toyota,F-150,2016,SUV,Annual,Lot A - Student,2024-09-21,2024-02-07,200,Active
PKG000158,STU000948,Student,BCX-4031,Chevrolet,F-150,2019,Car,Semester,Lot B - Faculty,2025-07-24,2025-07-17,100,Active
PKG000159,STU000816,Student,BCZ-9612,Honda,Civic,2021,Truck,Semester,Lot A - Student,2024-01-18,2025-11-11,100,Active
PKG000160,STU000474,Student,ABY-7629,Nissan,Civic,2021,Car,Semester,Lot A - Student,2024-11-07,2025-11-21,200,Active
PKG000161,STU000640,Student,CCZ-7200,Ford,Malibu,2022,SUV,Semester,Lot C - Visitor,2025-04-20,2024-02-25,100,Active
PKG000162,FAC000095,Faculty,CDX-3989,Toyota,Camry,2014,Truck,Annual,Lot B - Faculty,2025-05-26,2025-05-23,100,Expired
PKG000163,STU000778,Student,BDZ-5590,Nissan,Camry,2024,Motorcycle,Monthly,Lot A - Student,2024-10-03,2026-11-17,200,Active
PKG000164,STU000079,Student,ACY-4677,Honda,Camry,2021,Car,Annual,Lot B - Faculty,2024-07-11,2025-04-27,200,Active
PKG000165,FAC000006,Faculty,BDZ-9871,Honda,F-150,2018,Car,Annual,Lot A - Student,2025-01-15,2024-02-24,200,Active
PKG000166,STU000684,Student,ABY-8888,Nissan,F-150,2024,Motorcycle,Semester,Lot B - Faculty,2024-11-14,2024-04-23,200,Active
PKG000167,STF000026,Staff,BBX-8989,Chevrolet,Camry,2024,Motorcycle,Semester,Lot D - Commuter,2024-08-25,2025-06-15,100,Active
PKG000168,STU000744,Student,CDY-8471,Honda,Altima,2017,SUV,Annual,Lot C - Visitor,2024-10-16,2026-07-26,200,Active
PKG000169,STU000831,Student,CDY-5718,Ford,Camry,2012,Motorcycle,Monthly,Lot A - Student,2025-09-06,2025-09-25,100,Expired
PKG000170,STF000013,Staff,ABZ-1452,Nissan,F-150,2019,Motorcycle,Annual,Lot B - Faculty,2025-07-31,2026-03-16,200,Active
PKG000171,STU000980,Student,CCX-7287,Ford,Malibu,2018,Motorcycle,Annual,Lot B - Faculty,2025-09-18,2026-10-05,100,Active
PKG000172,STU000367,Student,CBY-8453,Toyota,Altima,2017,Car,Annual,Lot D - Commuter,2024-03-16,2026-06-08,50,Active
PKG000173,STU000871,Student,CBZ-5154,Ford,Civic,2020,Truck,Semester,Lot B - Faculty,2025-05-13,2024-01-09,100,Active
PKG000174,STU000716,Student,CBX-8291,Nissan,Altima,2013,Truck,Semester,Lot C - Visitor,2024-02-03,2024-08-15,50,Expired
PKG000175,STU000638,Student,ADY-1683,Toyota,Malibu,2016,Truck,Monthly,Lot A - Student,2024-03-22,2024-02-16,200,Active
PKG000176,STU000860,Student,BBY-3529,Ford,Camry,2015,Car,Semester,Lot C - Visitor,2025-04-05,2025-12-23,200,Active
PKG000177,FAC000089,Faculty,BCZ-1076,Toyota,Civic,2013,Truck,Monthly,Lot A - Student,2024-05-27,2026-09-22,50,Active
PKG000178,STF000034,Staff,CCX-2633,Ford,Altima,2019,Truck,Semester,Lot C - Visitor,2025-04-29,2025-05-21,50,Active
PKG000179,STU000850,Student,BCZ-6106,Ford,Camry,2022,Car,Semester,Lot C - Visitor,2025-12-13,2025-06-16,200,Active
PKG000180,FAC000022,Faculty,ADX-3191,Toyota,Camry,2022,Car,Monthly,Lot C - Visitor,2024-06-09,2026-02-09,100,Active
PKG000181,FAC000060,Faculty,BBZ-8947,Toyota,F-150,2012,SUV,Semester,Lot C - Visitor,2025-03-04,2024-11-22,200,Active
PKG000182,STF000035,Staff,CBY-1415,Ford,Altima,2022,Motorcycle,Annual,Lot C - Visitor,2025-06-21,2026-10-07,200,Active
PKG000183,STU000429,Student,BCX-4751,Honda,F-150,2024,SUV,Semester,Lot D - Commuter,2024-09-16,2026-08-03,100,Active
PKG000184,FAC000005,Faculty,BDX-5308,Chevrolet,Altima,2014,SUV,Annual,Lot A - Student,2024-08-30,2026-10-31,100,Expired
PKG000185,STU000467,Student,CDX-7923,Ford,Civic,2024,Car,Monthly,Lot C - Visitor,2025-09-09,2024-04-06,200,Active
PKG000186,STU000860,Student,BCY-4562,Chevrolet,Altima,2019,Car,Monthly,Lot A - Student,2024-03-30,2026-12-25,100,Active
PKG000187,STF000014,Staff,CDY-3081,Toyota,F-150,2019,Motorcycle,Annual,Lot B - Faculty,2025-08-13,2026-08-19,100,Expired
PKG000188,STF000012,Staff,BCZ-7034,Nissan,Civic,2021,SUV,Semester,Lot C - Visitor,2024-04-03,2024-06-01,50,Active
PKG000189,STU000390,Student,BBY-9710,Chevrolet,Camry,2016,Truck,Annual,Lot A - Student,2024-10-10,2025-05-20,100,Active
PKG000190,STU000346,Student,BCZ-2983,Ford,Malibu,2017,SUV,Annual,Lot C - Visitor,2024-03-13,2024-01-13,100,Active
PKG000191,STU000672,Student,ADY-7944,Chevrolet,F-150,2023,SUV,Monthly,Lot A - Student,2024-06-13,2026-08-06,50,Active
PKG000192,STU000924,Student,BCX-3549,Ford,Altima,2022,Truck,Semester,Lot B - Faculty,2024-11-05,2026-10-01,50,Active
PKG000193,STU000076,Student,ACY-2528,Nissan,Camry,2019,Motorcycle,Annual,Lot D - Commuter,2025-05-18,2026-05-03,200,Active
PKG000194,STU000143,Student,BBX-3371,Chevrolet,Malibu,2016,Motorcycle,Monthly,Lot D - Commuter,2024-11-11,2024-11-03,100,Expired
PKG000195,STU000640,Student,CCY-6566,Chevrolet,Camry,2012,Car,Semester,Lot C - Visitor,2025-07-10,2024-08-06,100,Active
PKG000196,STU000027,Student,ACZ-1253,Chevrolet,Malibu,2021,Motorcycle,Monthly,Lot C - Visitor,2025-03-30,2026-10-28,50,Active
PKG000197,STU000225,Student,BDX-7781,Nissan,F-150,2015,Truck,Monthly,Lot A - Student,2025-06-10,2024-12-19,50,Active
PKG000198,STU000445,Student,CDZ-6949,Nissan,Altima,2015,Motorcycle,Semester,Lot B - Faculty,2025-02-21,2026-07-21,50,Active
PKG000199,STF000032,Staff,ABZ-4868,Toyota,Camry,2012,Motorcycle,Semester,Lot A - Student,2024-03-23,2025-05-02,200,Active
PKG000200,STU000252,Student,BDX-5104,Nissan,F-150,2018,Car,Annual,Lot B - Faculty,2025-05-30,2024-11-10,100,Active
PKG000201,STU000138,Student,ACZ-8073,Nissan,Camry,2022,Car,Semester,Lot C - Visitor,2024-12-05,2026-02-03,200,Active
PKG000202,FAC000087,Faculty,BDZ-8163,Nissan,Altima,2015,Car,Semester,Lot D - Commuter,2025-06-25,2026-11-11,50,Active
PKG000203,STU000530,Student,ADX-5715,Chevrolet,F-150,2020,Car,Annual,Lot A - Student,2025-02-23,2026-08-11,200,Active
PKG000204,STF000038,Staff,BBY-4448,Chevrolet,Malibu,2016,Truck,Monthly,Lot D - Commuter,2025-01-30,2025-10-24,50,Active
PKG000205,STF000026,Staff,BDZ-5694,Ford,F-150,2019,Truck,Monthly,Lot C - Visitor,2024-11-05,2025-08-07,50,Active
PKG000206,FAC000062,Faculty,ACX-2751,Nissan,Civic,2018,Motorcycle,Monthly,Lot D - Commuter,2025-01-29,2024-03-19,200,Expired
PKG000207,STF000038,Staff,ABY-9091,Toyota,Malibu,2023,Truck,Monthly,Lot A - Student,2024-08-11,2024-09-30,50,Active
PKG000208,STF000013,Staff,BBZ-5593,Nissan,Civic,2022,SUV,Semester,Lot D - Commuter,2025-04-08,2026-10-11,50,Active
PKG000209,STU000510,Student,BBZ-4327,Ford,Civic,2017,SUV,Annual,Lot C - Visitor,2025-06-11,2026-08-06,50,Active
PKG000210,STU000739,Student,CBZ-8672,Toyota,Civic,2020,Car,Monthly,Lot C - Visitor,2024-12-20,2025-12-29,50,Expired
PKG000211,STU000254,Student,BBZ-8953,Toyota,Altima,2016,SUV,Semester,Lot B - Faculty,2024-12-23,2025-02-10,200,Active
PKG000212,STU000299,Student,CDY-5090,Nissan,Altima,2022,SUV,Monthly,Lot D - Commuter,2024-10-09,2025-02-10,200,Active
PKG000213,STF000023,Staff,ADY-1386,Ford,Altima,2019,Truck,Monthly,Lot A - Student,2024-06-22,2025-01-12,50,Active
PKG000214,STU000677,Student,BBY-2717,Toyota,Altima,2017,Motorcycle,Monthly,Lot A - Student,2024-12-12,2025-10-31,200,Active
PKG000215,FAC000086,Faculty,ADY-3651,Chevrolet,Camry,2016,SUV,Monthly,Lot C - Visitor,2025-08-27,2024-09-19,200,Expired
PKG000216,FAC000004,Faculty,BBX-5770,Chevrolet,F-150,2020,Truck,Monthly,Lot A - Student,2024-11-01,2026-03-24,100,Active
PKG000217,STU000480,Student,BDZ-7477,Toyota,Civic,2020,Car,Semester,Lot D - Commuter,2024-12-23,2025-08-09,50,Active
PKG000218,STF000029,Staff,CBY-7987,Toyota,F-150,2022,Motorcycle,Monthly,Lot B - Faculty,2024-08-10,2025-03-03,100,Active
PKG000219,STU000137,Student,BDX-5387,Nissan,Civic,2023,SUV,Annual,Lot A - Student,2024-11-24,2025-09-30,100,Active
PKG000220,STU000191,Student,CBY-9056,Chevrolet,F-150,2020,SUV,Annual,Lot A - Student,2024-10-09,2024-06-03,50,Active
PKG000221,STU000659,Student,CCX-9973,Honda,Malibu,2018,SUV,Monthly,Lot D - Commuter,2025-07-16,2024-03-21,100,Active
PKG000222,STF000011,Staff,CCY-5709,Chevrolet,F-150,2021,SUV,Monthly,Lot A - Student,2024-10-07,2025-03-05,50,Active
PKG000223,FAC000055,Faculty,ABX-4218,Ford,Civic,2015,Motorcycle,Annual,Lot B - Faculty,2025-10-30,2024-04-10,100,Expired
PKG000224,STU000227,Student,CCZ-5180,Chevrolet,Civic,2012,Truck,Annual,Lot A - Student,2025-11-28,2024-01-21,50,Expired
PKG000225,STU000607,Student,BDY-8265,Chevrolet,F-150,2021,Motorcycle,Monthly,Lot A - Student,2025-10-26,2024-02-03,200,Active
PKG000226,STU000679,Student,ACY-4790,Honda,F-150,2016,Truck,Monthly,Lot B - Faculty,2024-07-09,2025-11-26,200,Active
PKG000227,STU000364,Student,ABX-1107,Nissan,F-150,2017,Motorcycle,Annual,Lot B - Faculty,2025-08-14,2026-04-27,50,Active
PKG000228,STU000042,Student,CDZ-8113,Chevrolet,Camry,2014,Car,Annual,Lot A - Student,2025-08-03,2026-03-26,100,Expired
PKG000229,STF000047,Staff,ADY-5853,Toyota,Altima,2021,Motorcycle,Monthly,Lot D - Commuter,2025-04-06,2025-06-29,100,Expired
PKG000230,FAC000002,Faculty,CCX-4707,Toyota,Malibu,2020,Car,Monthly,Lot B - Faculty,2024-06-11,2026-06-10,100,Active
PKG000231,FAC000081,Faculty,BDZ-8331,Toyota,Civic,2015,Motorcycle,Monthly,Lot C - Visitor,2024-09-04,2026-08-07,50,Active
PKG000232,FAC000038,Faculty,BDY-4215,Nissan,F-150,2017,SUV,Annual,Lot D - Commuter,2024-12-24,2026-12-01,100,Expired
PKG000233,STU000517,Student,BDY-5857,Nissan,Malibu,2024,SUV,Semester,Lot D - Commuter,2025-03-20,2026-01-04,100,Active
PKG000234,STU000840,Student,CDY-3027,Honda,Civic,2024,SUV,Monthly,Lot B - Faculty,2025-12-30,2026-01-30,50,Active
PKG000235,STF000021,Staff,BCZ-7470,Honda,F-150,2013,Motorcycle,Semester,Lot D - Commuter,2024-02-15,2026-06-15,100,Expired
PKG000236,FAC000023,Faculty,BBX-6817,Nissan,Malibu,2022,Motorcycle,Annual,Lot C - Visitor,2024-03-21,2024-04-21,200,Active
PKG000237,STU000483,Student,CBX-3916,Nissan,Altima,2013,Car,Monthly,Lot B - Faculty,2025-03-10,2025-04-29,100,Active
PKG000238,STF000016,Staff,BCZ-9589,Toyota,F-150,2015,Motorcycle,Annual,Lot D - Commuter,2025-03-28,2024-06-29,200,Active
PKG000239,STF000002,Staff,ADY-9342,Ford,Altima,2020,SUV,Semester,Lot D - Commuter,2025-08-22,2026-04-23,50,Expired
PKG000240,STU000394,Student,CCZ-8518,Nissan,Malibu,2024,Car,Monthly,Lot A - Student,2024-12-17,2025-08-21,100,Active
PKG000241,FAC000026,Faculty,ACZ-9598,Ford,Malibu,2024,Motorcycle,Annual,Lot D - Commuter,2025-08-06,2025-02-21,100,Active
PKG000242,STF000031,Staff,CCY-9288,Honda,Civic,2024,Truck,Semester,Lot B - Faculty,2025-05-30,2025-12-13,50,Active
PKG000243,STU000059,Student,BDX-5540,Chevrolet,F-150,2013,SUV,Annual,Lot A - Student,2024-03-28,2026-08-29,200,Active
PKG000244,STF000019,Staff,ACX-2522,Nissan,Civic,2015,SUV,Monthly,Lot D - Commuter,2024-05-04,2026-09-28,50,Active
PKG000245,STU000419,Student,ADZ-9390,Ford,Altima,2014,SUV,Annual,Lot B - Faculty,2024-04-21,2024-01-18,100,Active
PKG000246,STU000646,Student,BBX-1306,Chevrolet,Malibu,2012,Car,Semester,Lot A - Student,2024-01-19,2026-01-17,50,Expired
PKG000247,FAC000057,Faculty,CCZ-8435,Ford,Civic,2015,SUV,Semester,Lot D - Commuter,2025-11-19,2026-09-26,200,Active
PKG000248,STU000459,Student,CDZ-1116,Nissan,Altima,2015,Motorcycle,Monthly,Lot B - Faculty,2024-01-12,2026-06-19,50,Active
PKG000249,STU000483,Student,BCY-5806,Ford,Altima,2012,Truck,Annual,Lot C - Visitor,2024-12-31,2026-06-26,50,Expired
PKG000250,STU000464,Student,BCY-8133,Toyota,Civic,2012,Car,Annual,Lot B - Faculty,2024-02-28,2025-05-28,100,Expired
PKG000251,STU000627,Student,BBX-3843,Nissan,Altima,2012,Truck,Annual,Lot C - Visitor,2024-11-30,2025-08-28,200,Active
PKG000252,STU000162,Student,BCZ-8668,Honda,Malibu,2012,Car,Annual,Lot C - Visitor,2025-06-14,2025-04-23,100,Active
PKG000253,STF000043,Staff,ACX-6939,Toyota,Camry,2014,SUV,Annual,Lot B - Faculty,2025-01-13,2024-03-04,100,Expired
PKG000254,STF000038,Staff,ABY-1075,Nissan,Camry,2024,Truck,Semester,Lot B - Faculty,2025-05-01,2025-03-29,200,Active
PKG000255,STU000423,Student,CCX-9472,Honda,Civic,2024,SUV,Monthly,Lot B - Faculty,2024-01-31,2026-01-28,100,Active
PKG000256,STU000569,Student,BBY-9982,Ford,Camry,2016,Motorcycle,Annual,Lot D - Commuter,2024-09-08,2024-06-03,100,Expired
PKG000257,STU000817,Student,CCY-9551,Toyota,Camry,2013,Car,Annual,Lot A - Student,2024-12-15,2026-11-27,50,Active
PKG000258,STU000645,Student,CDX-4424,Ford,Malibu,2012,Truck,Semester,Lot D - Commuter,2025-05-29,2024-11-20,100,Active
PKG000259,STU000729,Student,CDZ-6584,Honda,Altima,2021,Truck,Annual,Lot B - Faculty,2025-04-20,2026-09-10,50,Expired
PKG000260,STU000685,Student,BCX-4677,Chevrolet,Civic,2013,Car,Annual,Lot B - Faculty,2025-09-27,2025-10-21,50,Active
PKG000261,FAC000049,Faculty,BDX-1372,Honda,Altima,2012,SUV,Annual,Lot A - Student,2024-08-03,2025-06-08,200,Active
PKG000262,STF000003,Staff,CCZ-6896,Nissan,F-150,2016,Truck,Semester,Lot A - Student,2024-02-13,2024-10-19,50,Expired
PKG000263,STU000712,Student,ABX-1994,Honda,F-150,2024,Motorcycle,Monthly,Lot A - Student,2025-05-11,2025-09-20,50,Active
PKG000264,STU000438,Student,ABX-4289,Chevrolet,Civic,2016,SUV,Annual,Lot B - Faculty,2024-07-28,2025-07-05,200,Active
PKG000265,STU000646,Student,ADZ-6886,Nissan,Malibu,2021,SUV,Semester,Lot B - Faculty,2024-12-21,2024-12-18,200,Active
PKG000266,FAC000050,Faculty,CBY-9527,Toyota,Altima,2014,Car,Annual,Lot A - Student,2025-11-02,2025-03-16,50,Active
PKG000267,STF000033,Staff,CBX-4662,Chevrolet,Altima,2014,Car,Monthly,Lot A - Student,2025-12-07,2026-05-07,50,Active
PKG000268,STU000593,Student,ADX-9665,Toyota,Camry,2020,SUV,Semester,Lot B - Faculty,2025-03-06,2026-04-26,50,Active
PKG000269,STU000851,Student,CDY-9688,Honda,Malibu,2015,SUV,Monthly,Lot B - Faculty,2025-11-24,2024-06-09,50,Active
PKG000270,STU000009,Student,ACX-6438,Toyota,Malibu,2016,Truck,Annual,Lot A - Student,2024-07-20,2024-01-18,200,Active
PKG000271,STF000009,Staff,CCY-4263,Nissan,F-150,2014,Truck,Annual,Lot D - Commuter,2025-03-25,2026-06-01,50,Active
PKG000272,FAC000098,Faculty,BDX-8412,Nissan,Malibu,2022,Motorcycle,Annual,Lot B - Faculty,2025-04-21,2025-11-08,200,Active
PKG000273,STU000139,Student,BBX-5153,Nissan,Camry,2021,Truck,Monthly,Lot C - Visitor,2025-09-19,2026-09-29,200,Active
PKG000274,STF000003,Staff,CDY-3753,Honda,Altima,2022,Motorcycle,Monthly,Lot C - Visitor,2024-03-02,2025-09-09,100,Active
PKG000275,FAC000006,Faculty,CCX-7318,Honda,Altima,2019,SUV,Annual,Lot D - Commuter,2025-10-13,2026-04-10,50,Active
PKG000276,FAC000100,Faculty,ADY-2258,Toyota,Altima,2020,Car,Semester,Lot B - Faculty,2024-11-30,2024-04-01,50,Active
PKG000277,STU000592,Student,ACZ-2190,Ford,Civic,2019,Car,Semester,Lot A - Student,2025-11-16,2025-09-13,50,Expired
PKG000278,STU000546,Student,ACZ-1934,Ford,Camry,2012,Truck,Monthly,Lot B - Faculty,2025-09-29,2026-04-01,50,Active
PKG000279,FAC000060,Faculty,ABZ-5756,Ford,Malibu,2024,Truck,Semester,Lot A - Student,2025-08-24,2026-03-20,100,Active
PKG000280,STU000184,Student,CDY-2500,Toyota,Altima,2024,Car,Semester,Lot D - Commuter,2025-12-13,2026-01-31,50,Expired
PKG000281,STU000534,Student,ACX-4533,Ford,Altima,2022,Truck,Annual,Lot C - Visitor,2024-12-20,2024-07-27,50,Active
PKG000282,STF000037,Staff,CCX-4184,Honda,Malibu,2017,Motorcycle,Semester,Lot C - Visitor,2024-05-27,2024-11-21,200,Active
PKG000283,STU000522,Student,CDZ-9455,Nissan,Malibu,2020,Truck,Annual,Lot B - Faculty,2024-09-10,2025-03-21,100,Active
PKG000284,STU000623,Student,BDX-4634,Chevrolet,F-150,2015,Truck,Monthly,Lot D - Commuter,2025-03-22,2024-01-03,50,Expired
PKG000285,STU000041,Student,BDY-5535,Honda,Altima,2023,Motorcycle,Semester,Lot A - Student,2024-09-18,2025-03-23,50,Expired
PKG000286,STU000684,Student,ABZ-4923,Nissan,F-150,2020,Motorcycle,Monthly,Lot C - Visitor,2025-01-30,2024-05-04,200,Active
PKG000287,STU000490,Student,ACX-8226,Ford,Civic,2017,Car,Monthly,Lot B - Faculty,2025-01-18,2025-07-12,200,Active
PKG000288,STU000658,Student,CDX-2214,Chevrolet,F-150,2012,SUV,Annual,Lot D - Commuter,2025-11-28,2025-09-22,200,Active
PKG000289,STU000076,Student,ACZ-4438,Ford,F-150,2018,SUV,Annual,Lot C - Visitor,2024-03-20,2024-05-23,100,Active
PKG000290,FAC000034,Faculty,BCX-4550,Honda,Camry,2022,Car,Annual,Lot B - Faculty,2024-10-12,2025-01-23,100,Expired
PKG000291,STU000913,Student,ACY-8816,Nissan,Malibu,2014,Truck,Annual,Lot C - Visitor,2025-12-19,2026-11-12,200,Expired
PKG000292,STU000223,Student,ACX-7814,Toyota,Camry,2022,Motorcycle,Annual,Lot B - Faculty,2025-04-18,2025-03-08,50,Active
PKG000293,STU000451,Student,BCZ-3941,Toyota,Altima,2014,Motorcycle,Semester,Lot C - Visitor,2025-12-29,2025-04-06,200,Expired
PKG000294,STU000964,Student,BCX-3982,Toyota,Civic,2013,Motorcycle,Monthly,Lot C - Visitor,2024-07-25,2024-03-30,50,Expired
PKG000295,STU000145,Student,ADY-2863,Toyota,Malibu,2017,Car,Monthly,Lot D - Commuter,2024-02-27,2025-05-30,100,Expired
PKG000296,FAC000010,Faculty,ADX-2778,Nissan,F-150,2020,Car,Annual,Lot C - Visitor,2025-07-15,2025-04-24,100,Active
PKG000297,STU000010,Student,ABY-1572,Honda,F-150,2021,Motorcycle,Monthly,Lot C - Visitor,2024-01-04,2025-10-12,50,Active
PKG000298,STF000043,Staff,CCZ-6915,Ford,Altima,2021,Motorcycle,Monthly,Lot A - Student,2024-03-15,2026-07-26,200,Active
PKG000299,STU000492,Student,ACY-7818,Chevrolet,Malibu,2023,Motorcycle,Monthly,Lot B - Faculty,2025-10-13,2024-04-21,200,Active
PKG000300,STU000533,Student,ADZ-3685,Toyota,Civic,2017,SUV,Semester,Lot D - Commuter,2025-08-04,2025-01-28,200,Active
PKG000301,STU000882,Student,BBZ-2606,Ford,Civic,2022,SUV,Monthly,Lot C - Visitor,2024-10-06,2024-09-20,200,Active
PKG000302,STF000022,Staff,BCY-9170,Ford,Malibu,2023,Motorcycle,Monthly,Lot C - Visitor,2024-09-19,2026-07-20,50,Active
PKG000303,STU000315,Student,CCX-7487,Chevrolet,Civic,2022,Car,Semester,Lot D - Commuter,2025-08-05,2024-09-22,50,Active
PKG000304,STF000042,Staff,BCZ-9204,Ford,Altima,2024,Motorcycle,Annual,Lot B - Faculty,2024-12-25,2025-08-18,50,Active
PKG000305,STU000004,Student,CBY-9682,Ford,Civic,2021,Car,Monthly,Lot C - Visitor,2024-07-09,2025-01-15,100,Expired
PKG000306,STF000004,Staff,ACX-9053,Ford,Civic,2013,SUV,Monthly,Lot D - Commuter,2025-12-13,2024-08-15,200,Active
PKG000307,STU000896,Student,CCY-8288,Chevrolet,Altima,2015,SUV,Annual,Lot D - Commuter,2024-01-14,2025-03-10,100,Active
PKG000308,STU000068,Student,CDX-8046,Honda,Malibu,2018,Motorcycle,Semester,Lot B - Faculty,2025-01-10,2026-02-19,50,Active
PKG000309,STU000421,Student,BBY-7267,Honda,Civic,2023,SUV,Monthly,Lot A - Student,2024-12-18,2024-02-24,200,Expired
PKG000310,FAC000038,Faculty,CCZ-1195,Honda,Civic,2015,Motorcycle,Annual,Lot C - Visitor,2024-10-02,2026-02-04,200,Active
PKG000311,FAC000047,Faculty,ACY-8740,Nissan,Camry,2018,Truck,Annual,Lot B - Faculty,2025-05-17,2025-09-28,100,Active
PKG000312,STU000915,Student,CDY-3135,Nissan,F-150,2021,Motorcycle,Annual,Lot C - Visitor,2024-07-14,2024-12-22,50,Expired
PKG000313,STU000339,Student,BCX-3395,Chevrolet,Civic,2014,SUV,Semester,Lot B - Faculty,2024-07-11,2026-11-04,200,Active
PKG000314,STU000885,Student,CCY-9305,Ford,Altima,2012,Car,Annual,Lot B - Faculty,2024-12-05,2024-09-23,200,Expired
PKG000315,STF000012,Staff,BBX-7441,Chevrolet,Malibu,2013,Car,Annual,Lot A - Student,2025-10-26,2024-08-29,50,Active
PKG000316,STU000831,Student,CDX-7616,Toyota,Malibu,2024,Truck,Monthly,Lot C - Visitor,2024-03-21,2026-10-11,100,Active
PKG000317,STU000864,Student,ADY-7377,Toyota,Malibu,2015,Motorcycle,Annual,Lot D - Commuter,2025-06-27,2025-11-06,50,Expired
PKG000318,STU000457,Student,CBX-9829,Chevrolet,Camry,2014,Car,Monthly,Lot A - Student,2025-07-23,2026-11-09,50,Expired
PKG000319,FAC000076,Faculty,CCY-1295,Honda,Civic,2022,Truck,Semester,Lot A - Student,2024-08-15,2025-08-21,50,Active
PKG000320,STU000843,Student,ABX-9994,Nissan,Malibu,2013,Car,Annual,Lot C - Visitor,2025-02-08,2025-10-15,200,Expired
PKG000321,STF000007,Staff,ACX-6374,Honda,Malibu,2018,Car,Semester,Lot A - Student,2025-01-30,2025-12-03,200,Expired
PKG000322,STU000083,Student,ACX-3717,Honda,Altima,2024,Car,Semester,Lot A - Student,2024-11-19,2026-01-02,100,Expired
PKG000323,STF000046,Staff,ADY-4046,Honda,Altima,2012,Motorcycle,Annual,Lot B - Faculty,2025-04-06,2025-08-27,100,Active
PKG000324,FAC000084,Faculty,CBY-5139,Honda,F-150,2013,Motorcycle,Annual,Lot A - Student,2025-09-29,2024-10-18,200,Active
PKG000325,FAC000088,Faculty,ACY-1079,Honda,Camry,2015,Truck,Annual,Lot A - Student,2024-07-16,2025-04-11,50,Active
PKG000326,STF000019,Staff,BDY-8652,Nissan,Altima,2013,SUV,Annual,Lot A - Student,2024-04-11,2026-06-29,200,Active
PKG000327,STU000582,Student,BCY-7729,Nissan,Altima,2013,Truck,Monthly,Lot C - Visitor,2025-05-28,2025-04-17,200,Active
PKG000328,FAC000004,Faculty,CCX-5288,Ford,Camry,2023,Motorcycle,Semester,Lot B - Faculty,2024-08-22,2024-09-15,100,Active
PKG000329,STU000396,Student,CDZ-8159,Ford,Civic,2017,Car,Annual,Lot C - Visitor,2024-02-11,2025-04-24,200,Active
PKG000330,STU000908,Student,CBZ-2332,Honda,Malibu,2020,Truck,Monthly,Lot C - Visitor,2024-10-16,2024-08-18,100,Active
PKG000331,STU000349,Student,BCY-4631,Nissan,F-150,2015,SUV,Monthly,Lot B - Faculty,2024-06-07,2024-01-20,100,Active
PKG000332,STF000025,Staff,BDZ-1875,Toyota,Malibu,2017,SUV,Annual,Lot D - Commuter,2025-04-24,2024-01-26,100,Active
PKG000333,FAC000030,Faculty,ADX-2784,Honda,Civic,2015,Car,Monthly,Lot A - Student,2025-11-01,2024-06-09,50,Active
PKG000334,STU000576,Student,BBY-8584,Toyota,Camry,2023,Motorcycle,Semester,Lot C - Visitor,2025-08-16,2025-02-15,100,Active
PKG000335,STU000991,Student,CBY-1930,Nissan,Malibu,2017,Truck,Semester,Lot B - Faculty,2024-09-06,2025-08-27,50,Active
PKG000336,STU000058,Student,CBZ-5144,Nissan,F-150,2012,Motorcycle,Semester,Lot D - Commuter,2024-03-01,2025-01-12,200,Active
PKG000337,FAC000052,Faculty,CBY-9982,Ford,F-150,2017,SUV,Annual,Lot B - Faculty,2025-04-04,2025-08-19,50,Expired
PKG000338,STF000007,Staff,CDX-5571,Nissan,Civic,2013,Car,Annual,Lot D - Commuter,2024-03-08,2024-01-31,200,Expired
PKG000339,STU000384,Student,CCX-4314,Honda,Altima,2019,Car,Monthly,Lot A - Student,2024-04-13,2026-02-02,200,Active
PKG000340,STU000823,Student,CCZ-5191,Nissan,Civic,2024,Car,Annual,Lot A - Student,2025-06-13,2025-05-22,50,Expired
PKG000341,STF000048,Staff,BDX-2436,Nissan,Camry,2019,SUV,Semester,Lot C - Visitor,2024-08-07,2024-03-20,200,Active
PKG000342,FAC000012,Faculty,BDZ-6861,Honda,Malibu,2019,Motorcycle,Annual,Lot A - Student,2025-12-05,2025-07-17,50,Expired
PKG000343,STU000389,Student,BDX-1284,Nissan,Civic,2014,Motorcycle,Annual,Lot B - Faculty,2024-04-27,2025-04-21,50,Active
PKG000344,STU000031,Student,ACZ-6215,Ford,Malibu,2023,SUV,Annual,Lot D - Commuter,2024-02-11,2026-10-06,200,Active
PKG000345,STU000093,Student,ABX-9038,Chevrolet,Malibu,2019,Motorcycle,Semester,Lot B - Faculty,2024-07-18,2024-03-13,100,Active
PKG000346,STU000939,Student,CBZ-1355,Chevrolet,Altima,2022,SUV,Annual,Lot A - Student,2025-06-30,2025-10-28,50,Active
PKG000347,STU000425,Student,CBZ-7266,Ford,Malibu,2023,SUV,Semester,Lot D - Commuter,2024-06-26,2026-09-12,50,Active
PKG000348,STU000967,Student,ABX-4304,Honda,Malibu,2012,Motorcycle,Semester,Lot C - Visitor,2025-03-20,2026-05-05,200,Active
PKG000349,STU000582,Student,BBZ-6766,Ford,F-150,2020,Car,Annual,Lot D - Commuter,2025-11-05,2025-03-04,100,Active
PKG000350,STU000433,Student,ADZ-6932,Chevrolet,Civic,2024,Car,Semester,Lot A - Student,2025-11-24,2025-11-24,100,Active
PKG000351,STU000028,Student,BBY-7120,Nissan,Civic,2018,Motorcycle,Semester,Lot C - Visitor,2024-09-15,2025-04-13,200,Active
PKG000352,STF000037,Staff,BDZ-6619,Chevrolet,F-150,2023,Car,Monthly,Lot A - Student,2024-01-17,2025-01-27,100,Active
PKG000353,STU000194,Student,BCX-8525,Toyota,F-150,2023,Truck,Semester,Lot D - Commuter,2025-02-25,2025-09-22,200,Active
PKG000354,STU000926,Student,ADY-3270,Toyota,F-150,2017,Motorcycle,Monthly,Lot B - Faculty,2025-06-16,2025-09-23,200,Active
PKG000355,STU000876,Student,ADZ-8515,Toyota,Civic,2022,Motorcycle,Semester,Lot A - Student,2025-01-22,2026-01-27,50,Active
PKG000356,STU000384,Student,CBZ-4929,Honda,Malibu,2023,SUV,Semester,Lot D - Commuter,2025-05-01,2024-08-20,50,Active
PKG000357,STU000085,Student,CBY-3978,Toyota,Civic,2015,Truck,Semester,Lot C - Visitor,2024-04-18,2026-06-16,200,Active
PKG000358,STF000031,Staff,ABX-2628,Nissan,Camry,2023,Car,Semester,Lot A - Student,2025-06-09,2026-11-04,100,Active
PKG000359,STU000673,Student,CCX-2503,Nissan,Civic,2022,Car,Monthly,Lot B - Faculty,2024-04-28,2025-09-27,50,Expired
PKG000360,FAC000011,Faculty,BBX-8212,Honda,F-150,2020,Motorcycle,Annual,Lot A - Student,2025-09-08,2026-02-26,200,Expired
PKG000361,FAC000065,Faculty,ADZ-3821,Nissan,F-150,2015,Truck,Monthly,Lot B - Faculty,2025-09-25,2025-10-26,50,Expired
PKG000362,STF000024,Staff,CBX-7345,Ford,F-150,2019,SUV,Monthly,Lot B - Faculty,2024-06-27,2026-01-20,50,Active
PKG000363,STU000041,Student,CBZ-7059,Honda,F-150,2017,SUV,Annual,Lot C - Visitor,2025-12-03,2025-08-29,200,Active
PKG000364,STU000284,Student,ADY-5328,Honda,Civic,2021,Truck,Monthly,Lot D - Commuter,2025-03-29,2026-12-30,50,Active
PKG000365,STF000011,Staff,BBZ-6281,Chevrolet,Altima,2017,Truck,Annual,Lot A - Student,2024-04-07,2026-05-11,100,Active
PKG000366,STU000780,Student,CBY-6410,Toyota,Malibu,2020,Truck,Semester,Lot D - Commuter,2025-10-25,2025-04-23,50,Active
PKG000367,STU000973,Student,CDZ-8209,Honda,F-150,2013,Motorcycle,Annual,Lot B - Faculty,2025-06-07,2024-12-01,200,Expired
PKG000368,STF000048,Staff,CCX-3008,Toyota,Altima,2023,Truck,Monthly,Lot D - Commuter,2025-05-29,2024-09-24,200,Expired
PKG000369,FAC000084,Faculty,CCY-3556,Toyota,Malibu,2022,Motorcycle,Monthly,Lot A - Student,2025-08-19,2026-07-22,100,Active
PKG000370,STU000704,Student,ABX-7403,Chevrolet,Civic,2024,Car,Semester,Lot B - Faculty,2025-07-02,2026-05-07,50,Expired
PKG000371,STF000042,Staff,ADY-2057,Chevrolet,Malibu,2016,Motorcycle,Annual,Lot C - Visitor,2024-02-10,2024-12-26,50,Expired
PKG000372,STU000003,Student,CCX-6223,Toyota,Camry,2024,Car,Monthly,Lot D - Commuter,2024-06-11,2025-01-16,200,Active
PKG000373,FAC000027,Faculty,CCY-6959,Ford,F-150,2022,Motorcycle,Semester,Lot D - Commuter,2025-02-05,2025-07-04,100,Expired
PKG000374,STU000681,Student,CBY-3405,Toyota,F-150,2019,Motorcycle,Annual,Lot C - Visitor,2025-04-27,2026-10-05,100,Active
PKG000375,FAC000057,Faculty,CBZ-5600,Toyota,Malibu,2012,SUV,Annual,Lot C - Visitor,2024-11-11,2024-06-21,50,Active
PKG000376,STF000040,Staff,BBX-6653,Ford,Camry,2015,SUV,Annual,Lot C - Visitor,2024-04-08,2026-11-26,200,Active
PKG000377,STU000271,Student,ACX-9522,Toyota,Civic,2013,SUV,Semester,Lot A - Student,2025-06-27,2025-10-19,200,Active
PKG000378,FAC000043,Faculty,ADY-2417,Nissan,Malibu,2019,Car,Semester,Lot C - Visitor,2024-05-04,2024-01-09,200,Active
PKG000379,STU000903,Student,CDZ-3893,Toyota,F-150,2024,SUV,Annual,Lot B - Faculty,2025-04-21,2026-02-27,100,Active
PKG000380,STU000594,Student,CDX-7171,Nissan,F-150,2012,Car,Annual,Lot B - Faculty,2025-10-10,2025-05-25,50,Active
PKG000381,STU000948,Student,ACX-6329,Nissan,F-150,2014,SUV,Semester,Lot B - Faculty,2024-06-19,2025-09-01,50,Active
PKG000382,STU000515,Student,CDY-7779,Honda,Civic,2015,Truck,Semester,Lot C - Visitor,2025-07-24,2025-11-16,200,Active
PKG000383,FAC000066,Faculty,CDZ-5998,Toyota,Altima,2024,SUV,Monthly,Lot B - Faculty,2024-01-16,2024-10-24,100,Active
PKG000384,STF000026,Staff,ADX-5910,Ford,Altima,2019,Truck,Semester,Lot C - Visitor,2024-04-23,2025-08-02,100,Expired
PKG000385,FAC000069,Faculty,CBY-2884,Nissan,Malibu,2020,SUV,Monthly,Lot A - Student,2025-10-29,2024-03-14,200,Active
PKG000386,FAC000083,Faculty,ADZ-6234,Toyota,F-150,2013,Car,Semester,Lot A - Student,2025-11-29,2025-08-07,200,Expired
PKG000387,FAC000004,Faculty,ABX-7816,Honda,Malibu,2022,Car,Semester,Lot D - Commuter,2025-09-24,2024-10-25,200,Expired
PKG000388,STU000744,Student,ABZ-4439,Chevrolet,Civic,2020,Motorcycle,Annual,Lot D - Commuter,2025-08-08,2024-06-11,200,Active
PKG000389,STU000029,Student,ADX-5282,Chevrolet,Malibu,2018,Motorcycle,Semester,Lot A - Student,2025-04-17,2026-07-09,200,Active
PKG000390,STF000030,Staff,ACX-3608,Honda,F-150,2016,SUV,Monthly,Lot C - Visitor,2024-02-12,2025-02-08,100,Active
PKG000391,STU000832,Student,ACZ-9151,Honda,F-150,2014,Car,Monthly,Lot A - Student,2024-08-21,2026-08-02,200,Active
PKG000392,STU000098,Student,BDY-5147,Honda,Camry,2020,SUV,Semester,Lot D - Commuter,2025-01-30,2025-06-07,200,Active
PKG000393,STF000032,Staff,CBZ-9113,Chevrolet,Civic,2023,Motorcycle,Semester,Lot C - Visitor,2024-08-12,2026-07-01,200,Active
PKG000394,STU000483,Student,CBZ-7327,Chevrolet,Civic,2018,Truck,Monthly,Lot D - Commuter,2025-04-04,2026-08-26,100,Active
PKG000395,STF000025,Staff,BCZ-5789,Ford,Camry,2024,Motorcycle,Monthly,Lot C - Visitor,2025-01-14,2024-01-20,200,Active
PKG000396,STF000004,Staff,ABX-1941,Nissan,Altima,2019,Truck,Monthly,Lot A - Student,2025-10-21,2025-02-14,100,Active
PKG000397,FAC000093,Faculty,BCX-4668,Nissan,Altima,2015,Car,Semester,Lot C - Visitor,2024-05-11,2025-02-19,50,Active
PKG000398,FAC000094,Faculty,CDX-6500,Honda,F-150,2016,Car,Semester,Lot A - Student,2024-06-05,2025-04-10,100,Expired
PKG000399,STU000841,Student,BCY-4981,Ford,Camry,2012,SUV,Monthly,Lot A - Student,2024-05-21,2025-10-30,50,Active
PKG000400,STU000691,Student,ACY-8918,Chevrolet,Civic,2022,SUV,Semester,Lot D - Commuter,2024-07-06,2025-03-08,100,Active
